symbol,model,mae,rmse,r2,n_obs
A,rf,0.0008807761435490486,0.0013126071178890433,-0.031710196846880256,199
AAPL,rf,0.0007274265241788846,0.0012845657586329094,-0.09272798403993754,233
ABBV,rf,0.0005633082623053684,0.0008115761093167774,0.021785548255236264,230
ABNB,rf,0.0009116749176949488,0.001277698530283449,-0.05085751569336283,220
ABT,rf,0.0008480946970632479,0.0012379028577946584,-0.009682305145290782,227
ACGL,rf,0.0007129511428630703,0.0010385508363631548,0.017193759281560306,199
ACN,rf,0.0008740928230313966,0.0012652337286836427,-0.01873752873647727,230
ADBE,rf,0.0011007682944846448,0.0017534821428082715,0.030981845801050345,229
ADI,rf,0.0009337177830190835,0.001432422695910913,0.042150534614144974,216
ADM,rf,0.0008105265247965993,0.001131804960537518,0.032888363392821085,224
ADP,rf,0.0007457841202516955,0.0013326437295815019,0.03928609962818941,169
ADSK,rf,0.0008950131922197069,0.0012348451869996333,-0.037518343720078784,162
AEP,rf,0.0007540155994749895,0.0012311154735436284,0.03013955165585147,216
AES,rf,0.0014381721688243015,0.002062731666296755,0.02613992213799521,233
AFL,rf,0.000632908814052224,0.0009680171739150305,0.08635078891033432,194
AIG,rf,0.0006091749757312026,0.0008856225736114006,0.02255172059461341,230
AIZ,rf,0.0015825620257381326,0.002364660562000283,-0.028649127639152283,72
AJG,rf,0.0007685711278804092,0.0012035228421696572,-0.003162554730006928,158
AKAM,rf,0.0007012907004052041,0.0010298333750451837,-0.03275789468308621,169
ALB,rf,0.0018623700180798136,0.002767583407218932,0.014006604950962953,225
ALGN,rf,0.0016201274611209002,0.002652271465477114,2.3724894019916398e-05,103
ALL,rf,0.0009179040255446677,0.0013882671102487182,0.08898273527704459,144
ALLE,rf,0.0009445282896044516,0.001383530495448934,0.05131299304615189,116
AMAT,rf,0.0011421095073629328,0.001635433506658125,-0.041295745443173715,220
AMCR,rf,0.0007488339373785928,0.0012568657370243335,0.03620141929514109,212
AMD,rf,0.0018509172925105842,0.002676757073041826,-0.005715753625453068,233
AME,rf,0.0007365804971482767,0.0011701826427375447,-0.051367861309709495,145
AMP,rf,0.001261928412557234,0.001917329515036502,0.05343001588208085,76
AMT,rf,0.0009023226910620533,0.0012940983984339998,0.0053317140427568965,213
AMZN,rf,0.000767656137356948,0.0010867521364714226,-0.06488507841477364,233
ANET,rf,0.0015323600621354912,0.002235092708403442,-0.04337322353909956,204
AON,rf,0.0006485050927470834,0.001016381773468521,-0.004958471898220962,173
AOS,rf,0.000750664210409914,0.0010565768836789874,0.022218938638982277,173
APA,rf,0.0015295221271638486,0.0025045172388063214,0.04017368320758119,233
APH,rf,0.000752717645164746,0.0011624872373299222,0.05928262497656778,226
APO,rf,0.0009319564148430504,0.001443502573038187,-0.0220480106673262,203
APTV,rf,0.0011539608969689708,0.0016819491453533147,0.016055084496704897,225
ARE,rf,0.0011695852155090708,0.0016668598007365473,0.06217241179747124,169
ATO,rf,0.0009709379825968597,0.0015190889745801952,0.01933693203240483,130
AVB,rf,0.0011909332660865427,0.0016842530886852836,0.06169645149122982,109
AVGO,rf,0.0017251644685731928,0.0024007415197051228,-0.02836991598738603,169
AVY,rf,0.0011391707616139862,0.0015966381656478711,-0.005152520421564111,129
AWK,rf,0.001039534511600856,0.001525889865137084,0.005836800543461584,204
AXON,rf,0.0016124249627213036,0.0025212355052803806,0.020939814357480713,53
AXP,rf,0.0007221720058605172,0.0012860508220604555,-0.0119828055100335,196
AZO,rf,0.0011001240313797858,0.0016231547722847124,-0.03142615245629954,180
BA,rf,0.0010586539595056818,0.0015426911357314687,0.007908577050809162,222
BAC,rf,0.0007099583312101796,0.0010913234877448644,-0.024080669098798024,233
BALL,rf,0.0010867378771514146,0.0016461602557454435,-0.015036750654679132,74
BAX,rf,0.0010911261032384083,0.0016960590149550517,0.03032626291582774,220
BBY,rf,0.00122768006123564,0.0019897737356716605,0.02807092469029837,221
BDX,rf,0.0009672212048373436,0.0013934720811283998,0.007035731123155697,157
BEN,rf,0.0008706789144357281,0.001413746549056241,0.05843843708600749,220
BF.B,rf,0.0009454532420985735,0.0013597031737638896,-0.002580046866650587,93
BG,rf,0.0008836286501474179,0.001281762473919699,0.009824992729681847,209
BIIB,rf,0.000955023661687025,0.0013651314190881703,0.028769258470485948,195
BK,rf,0.000564106598082681,0.0009575528286185703,0.07440989586425395,217
BKNG,rf,0.001742410554123308,0.0024264628349548244,-0.015664049697558635,64
BKR,rf,0.0009490429371925401,0.0015246914532552783,0.07281787490404679,233
BLDR,rf,0.0012410651596680366,0.0019187347033632867,-0.03477662888736721,189
BLK,rf,0.0011311083102888793,0.0017605507486079632,0.04512377262331391,81
BMY,rf,0.0009324576137407976,0.0017473145421873601,0.03961429298518282,233
BR,rf,0.0010481699015718186,0.0015805115409978675,0.07829227101924974,64
BRK.B,rf,0.0005517876907354442,0.0008638612125390994,0.021678120490988606,175
BRO,rf,0.0006767746298839444,0.001128881794121031,0.027381863479583934,171
BSX,rf,0.000607650415066561,0.0008687566581077278,-0.044076252106334035,232
BX,rf,0.0009532137258836845,0.0015664273273185525,0.0011286744968278528,213
BXP,rf,0.0014038152583559715,0.002024253214512559,0.06664539756323695,197
C,rf,0.0008195389813417382,0.0012446411312994695,0.01587767191202838,233
CAG,rf,0.0008093460304645096,0.0011796571034013107,0.038365288797487684,232
CARR,rf,0.0007140246603063139,0.0010263527309421598,-0.0029526296847961486,223
CAT,rf,0.0007722902788976263,0.0010855207467506437,0.002946932600326746,199
CB,rf,0.0006073336360297067,0.0008912882084331173,0.02896640586754262,163
CBOE,rf,0.0008705383084028798,0.001210079593216388,-0.018775004138597007,194
CBRE,rf,0.0009812257611221873,0.0015038527749033441,0.05657263778145305,181
CCL,rf,0.003032056298630439,0.004895097367860062,-0.11259563325370525,233
CDNS,rf,0.0012885245849291894,0.0018806510649148512,-0.03438048697827134,146
CDW,rf,0.0009039970468834176,0.0012574106142214934,0.0466803782630586,124
CEG,rf,0.002063160852518972,0.0031718845305089166,0.012203577340802574,225
CFG,rf,0.0009656934932971111,0.001512280984097764,0.04864992397578127,229
CHD,rf,0.000729675649321491,0.0012414709346782406,0.01598651769141468,172
CHRW,rf,0.0010251315557133554,0.0015913359944885388,0.026786696860746084,194
CI,rf,0.0007544450166033879,0.0013373773532577371,-0.012448118705605582,120
CINF,rf,0.0008556842480144518,0.0012992056337533698,0.049985991464404855,137
CL,rf,0.0005788619839700899,0.001019672777431831,0.048328765896703874,223
CLX,rf,0.0009764620331060034,0.0016224836179869475,0.02621896412569058,153
CMCSA,rf,0.0008306704646748207,0.001346385967547905,0.05196061757822612,233
CMG,rf,0.0016908862072111087,0.0028196516410216492,0.02260352509329333,60
CMI,rf,0.0008736866707685205,0.0012199660123284944,0.009817264032710882,178
CMS,rf,0.0008188060959094016,0.0012387693166436584,0.021028986035130814,208
CNC,rf,0.0006924309674613048,0.0011278523054548096,0.0544764861965612,227
CNP,rf,0.0008357008496334274,0.0012964965775969677,0.009411659033060849,232
COF,rf,0.0010033032328543758,0.0017691081512154294,0.07296146645110846,212
COIN,rf,0.0037739552714254297,0.005433965771114603,0.08530634935219361,221
COO,rf,0.0009038285870443193,0.0013143747430648012,0.01626177336282386,155
COP,rf,0.0007423696244878658,0.0013097867289182628,0.10226817459166593,230
COR,rf,0.0008358751512740458,0.0013545885510094367,0.0030232166672067295,153
COST,rf,0.0006933795877090178,0.0009908239913187214,0.03767365071792095,142
CPAY,rf,0.0012372948378171133,0.0019534113317230045,-0.012640500307017799,111
CPB,rf,0.0008536817652109268,0.0015690458874374252,0.050991439109031256,214
CPRT,rf,0.0007360360390887,0.0011849993336916025,0.038313787570055435,230
CPT,rf,0.0008914240958455816,0.0013358401835073528,0.06756575504633733,182
CRL,rf,0.00155690265764956,0.002060944622436352,-0.019044949810575362,97
CRM,rf,0.0009958289920192038,0.0015593776113214505,-0.011488536963713436,232
CRWD,rf,0.0015549959802448206,0.0023835408255616346,-0.00202161155401015,207
CSCO,rf,0.0005015004823340421,0.0007262639681375483,0.07442644590921377,233
CSGP,rf,0.0011082628690998158,0.0018524462697083164,0.015327294979682327,125
CSX,rf,0.0009473399261348685,0.001434998404816341,0.0023039956636327075,233
CTAS,rf,0.002748941083047111,0.007672770130434681,-0.00046749056293360347,103
CTRA,rf,0.0008085214075957535,0.0011206674149565627,0.037782750827834555,224
CTSH,rf,0.0007365670408009237,0.0011600418652132254,0.003438058123971577,217
CTVA,rf,0.0008254662944994403,0.0012444278825265828,0.05261485739497329,219
CVS,rf,0.0007957723939294975,0.0012508727820147378,0.0847214920293563,229
CVX,rf,0.0006873308312326836,0.001015151383783465,0.08499758038098448,222
CZR,rf,0.0015282493992708273,0.0024258709723190648,0.008513747797316173,227
D,rf,0.0012152501764486861,0.0017881528988606867,0.00497213937626062,230
DAL,rf,0.000919008017651256,0.0012971778786213743,-0.001008111184379601,232
DASH,rf,0.00118517912785457,0.0017936790244820985,-0.0060507983936584075,225
DAY,rf,0.0010150382415811143,0.0016693932156810214,0.011608490209452538,206
DD,rf,0.0005564488833641482,0.0008970770914686426,0.039306515685715526,229
DDOG,rf,0.0013454242528371523,0.00198707203059405,-0.01514672055530597,221
DE,rf,0.0008312330306504892,0.0015303967853067806,0.035171367440871903,192
DECK,rf,0.0016128401069927499,0.002115414583734177,0.07270122556364889,92
DELL,rf,0.001416329207335179,0.0021087213907773814,0.011145604803967202,228
DG,rf,0.0009429983159189109,0.0014353542724563646,0.04526381910654953,226
DGX,rf,0.0010318293664386947,0.001437551348761867,0.02348679285659938,134
DHI,rf,0.000997579036628753,0.0014839521180823802,-0.005681212926696322,167
DHR,rf,0.0008137374419830499,0.001167225560380261,-0.03865758618336157,197
DIS,rf,0.0009200083159013383,0.001474040373562335,0.027129804855372974,233
DLTR,rf,0.0009678962945512574,0.0013950687612451712,-0.015414177152142772,225
DOC,rf,0.001081910480720334,0.0018869771144407177,0.028163313306606375,228
DOV,rf,0.0007185265476489669,0.001040337280416376,-0.0018946829460935177,187
DOW,rf,0.000743422748467013,0.0013338638422617539,0.05834038870686509,222
DPZ,rf,0.0011351909926338767,0.0017345354935604325,-0.06549716357798574,162
DRI,rf,0.0007350235481501681,0.0010561916433894918,0.030009335318083252,216
DTE,rf,0.0009294016639457523,0.0015981954392442102,0.01164003760616461,188
DUK,rf,0.0007845156560512463,0.0012941280587065271,0.03790271202154927,192
DVA,rf,0.0010334849151152998,0.0016661640865204416,0.028915749680370695,123
DVN,rf,0.0007945606460144,0.0013680003091971098,0.07190236510742554,232
DXCM,rf,0.0014255043957046947,0.0020242854600431882,0.017928628274594405,222
EA,rf,0.0007559949365712247,0.0009999075846654083,-0.013119316441898565,115
EBAY,rf,0.0008504551045059447,0.0012783591945193804,-0.0045186674965522755,229
ECL,rf,0.0005967184800867517,0.0010656706758652328,-0.0580367399509194,181
EFX,rf,0.0009307309421874592,0.0014308719209847219,0.07303068663557144,163
EG,rf,0.001394046290008805,0.0020351858188000106,0.05049056764760229,82
EL,rf,0.001559755239414168,0.0027366035098776663,0.059553714518966294,222
ELV,rf,0.0008071480598936095,0.0010765483073217714,-0.003295532257524547,133
EMN,rf,0.0009284917831444362,0.001533717774252532,0.01377486471649858,192
EMR,rf,0.0006474481943912496,0.0008432521885619434,0.07020716744806643,189
ENPH,rf,0.002707217381834874,0.004526054061609323,0.05869373601722139,224
EOG,rf,0.0008661974997941567,0.0014148207632066943,0.08202755615229085,211
EPAM,rf,0.0015814687598871135,0.0025825756821289112,0.04102719045780889,127
EQIX,rf,0.0012567865425345596,0.0018430475610071648,-0.03484983899532712,164
EQT,rf,0.001115259827507911,0.0015327814373015743,0.018516521142955655,233
ERIE,rf,0.0020834915666162433,0.003050023839233163,0.04415111647742376,142
ES,rf,0.0011523019430460851,0.0018430036502860583,0.030478546855654653,219
ESS,rf,0.0015796222766594214,0.002408823117660668,0.13029223713153448,69
ETN,rf,0.0008972555653046189,0.001311501522175185,-0.07007562874385487,207
ETR,rf,0.000788760681879839,0.0011414934299088216,0.042886337645194006,195
EW,rf,0.0010019848822735366,0.0013586123455591808,0.02595225700885695,225
EXC,rf,0.0007547898273687892,0.0011751643847776056,0.026434447304509612,233
EXE,rf,0.0009000462275330391,0.0013397984456796686,0.0432870372399885,218
EXPD,rf,0.0008592175884833147,0.0012174314747605435,-0.00734570553356817,154
EXPE,rf,0.0009740554098471764,0.0013454693687794356,-0.006845748229912241,191
EXR,rf,0.0013753292049743222,0.0020770560360866422,0.02865782096527747,156
F,rf,0.0012040501045538642,0.0021852544174989557,0.015177613870193785,232
FAST,rf,0.0007331063338949168,0.0010132663978899522,6.274099219405471e-05,213
FCX,rf,0.0012547385972586954,0.0018638309585439908,0.054335900674644666,233
FDS,rf,0.0011579003196109617,0.0017941953099857417,-0.0026032234909438845,78
FE,rf,0.0007558609897067506,0.001099556496001265,0.03497957077740266,227
FFIV,rf,0.0010711319897170738,0.0015105276049460848,0.08963084324685877,60
FI,rf,0.0006142698199545079,0.0009745964479625931,-0.013743525995531858,212
FICO,rf,0.001433850816225986,0.0022132783540763975,-0.012458722456573312,169
FIS,rf,0.000904996199674297,0.001344403694458651,0.025536788711150726,233
FITB,rf,0.0008670191514282379,0.0011949489837296443,0.11206096109380015,229
FOX,rf,0.0011539047670142825,0.0016366163603473462,-0.013854921551249566,152
FOXA,rf,0.001037192243855752,0.00146319131749211,-0.031046855256325667,214
FRT,rf,0.0010945255893064245,0.0018013474993934075,0.047096316049668574,121
FSLR,rf,0.0021595611142911646,0.0035073351105660575,0.06219015493526436,204
FTNT,rf,0.0010095094952977575,0.001339236394203313,0.008964749569388641,226
FTV,rf,0.0007836652806226765,0.0014099463146085484,-0.025405054823653073,169
GD,rf,0.0006356830871636279,0.000892019154608905,-0.011077799548965706,109
GDDY,rf,0.0011995458132812115,0.0021046139786891904,0.008657860067735168,161
GE,rf,0.001222158634944561,0.0021228201700956477,-0.11219552543078626,232
GEHC,rf,0.0008723413283881831,0.0014102270002972713,-0.0320666962785483,206
GEN,rf,0.0009088432653431425,0.001387526194158028,0.05246414610605099,207
GILD,rf,0.0006122461944180052,0.0010081606822183718,0.0446385444177414,232
GIS,rf,0.0007440141202579457,0.0010834066451425235,0.027725151980821816,230
GL,rf,0.0008245083175319241,0.0011007140002607812,0.06742752416819398,186
GLW,rf,0.0006914201034577864,0.0010498103784663862,0.03917655060944136,222
GM,rf,0.0010146079672041044,0.0017248561025496195,0.05389176554080066,233
GNRC,rf,0.0015061701868808312,0.002169985127078374,-0.003755183070531354,170
GOOG,rf,0.0006340249147441172,0.0008729518416081063,0.006355704634628201,233
GOOGL,rf,0.0006677179342101224,0.0009011718546795342,-0.006714009411119992,233
GPC,rf,0.0007051903792643775,0.0011440198921526857,0.008731274555245583,170
GRMN,rf,0.0008475687306110341,0.001154187069374741,0.06358087533895163,125
GWW,rf,0.0017677997835506148,0.0025482386902375797,0.06110783423544053,26
HAL,rf,0.000957308762102708,0.0017432062027420278,0.05323125352032332,229
HAS,rf,0.0012930929346827854,0.001912611072801733,0.025744639614915465,170
HBAN,rf,0.0008186076846127001,0.001432640275641681,0.019688103878343632,231
HCA,rf,0.0008103179161777478,0.001367366274958414,0.02740169053446584,186
HD,rf,0.0007772901138476301,0.0011791740304045197,-0.0027679142546752633,218
HIG,rf,0.0006306358626476197,0.000965067032253735,0.02148985935833636,210
HII,rf,0.0008917645322310268,0.0013927968659905197,-0.044409199518368414,130
HLT,rf,0.0005986991527699506,0.0008801030266169828,0.0486347874117361,193
HOLX,rf,0.0006770604011143226,0.0010339306749437434,0.00022648912393519183,166
HON,rf,0.0006247459479640522,0.0010258736221113152,0.04158706379842825,220
HPE,rf,0.0008414834098096103,0.0011948643614829433,0.06084886323519223,232
HPQ,rf,0.0007094408170966528,0.0009364883431961321,0.0399730282288584,232
HRL,rf,0.0008929835094397138,0.0014015051269745781,0.02505489140913908,204
HST,rf,0.0009530432223049382,0.0013153659316435882,-0.0060324815282739586,232
HUBB,rf,0.0013038374035440144,0.00183213748139272,0.008665557480684094,93
HUM,rf,0.0008352162133578939,0.0010659866212569158,0.026535691333061884,173
HWM,rf,0.0006047623208932992,0.0009343026166999896,0.024736064296069338,225
IBM,rf,0.0006194335794190927,0.000846955117008743,0.03652120707657758,209
ICE,rf,0.0007077650308090431,0.0010177334907437517,0.004918332269385095,213
IDXX,rf,0.0011762584949923916,0.0020078996375548744,-0.010928419320969107,99
IEX,rf,0.0011693525792233503,0.0016698666808659683,-0.059032820000085806,73
INCY,rf,0.0011165147809632258,0.0015047274418063562,0.010607819219714432,182
INTC,rf,0.0013375295661621019,0.0023966908593996456,0.0058175255478345456,233
INTU,rf,0.001105782333007247,0.0016269868827787398,-0.025097591883147974,126
INVH,rf,0.0007784467044000824,0.0010969312504605872,0.04392579762676985,230
IP,rf,0.00227141613097323,0.00433333474239531,-0.04611979014563383,232
IPG,rf,0.0011504354171840037,0.0017194211556241113,-0.049689991186218974,202
IQV,rf,0.0011161791485694485,0.0019736435828952483,-0.11230232120116446,156
IR,rf,0.0008697726090393048,0.0012420525886565406,-0.046092190108035114,207
IRM,rf,0.0010448077471268097,0.0016910634320667305,-0.009049472181455798,137
ISRG,rf,0.0011287524843772948,0.0016134239845958511,0.020891287342071463,174
IT,rf,0.001422123274125386,0.0018201453676915504,0.022775738607534013,76
ITW,rf,0.0006346848146399741,0.000946048659150896,0.07932471903055238,151
IVZ,rf,0.0009769293841317627,0.0017204871314372347,0.031809896408073635,228
J,rf,0.0009154717302801902,0.0014978760259107447,0.007357921565517622,98
JBHT,rf,0.0011797498366410077,0.001732961719924881,0.006290857572542441,138
JCI,rf,0.0005942083394189688,0.0008304473913413048,0.05254500590854161,229
JKHY,rf,0.0011906025723712236,0.0019366293077910737,-0.026896485760633304,110
JNJ,rf,0.000688281579519216,0.0009489594943836126,0.037711044289629236,224
JPM,rf,0.0005691556495767113,0.0008389807232053281,0.03405222178164613,227
K,rf,0.0006981203126397917,0.0010967614110198342,0.07760645620274165,226
KDP,rf,0.0010316489373481067,0.0014871902265377384,0.04527783271114039,233
KEY,rf,0.0010655519416540216,0.0017125371861074269,0.04500763951272013,231
KEYS,rf,0.0009330442684383162,0.0013666783780889242,-0.026652010872388443,194
KHC,rf,0.0006258505684831016,0.0009925651975000215,0.04349033733838659,233
KIM,rf,0.0008599338977436275,0.0015139075835403338,0.04191500336382248,228
KKR,rf,0.0009368149018481625,0.0014592438741909976,-0.020423624597490475,221
KLAC,rf,0.001677220343060887,0.0025257930777019787,-0.07596810333243842,103
KMI,rf,0.0005713557162403471,0.0009429368327924185,0.062341663779299616,230
KMX,rf,0.0011381804681245367,0.0015981853989550856,0.049187611320372415,205
KO,rf,0.0005087677218141984,0.0007991589261342975,0.036713629470120024,232
KR,rf,0.0007360555161438489,0.0010465579848932397,0.06930884143926952,223
KVUE,rf,0.0008139749715222713,0.0012608310124069268,0.02320619280889835,232
L,rf,0.0008217172367423022,0.001242474870721529,-0.0004193208709142304,71
LDOS,rf,0.0007393102211272844,0.0011251256285700676,0.0611199121554159,160
LH,rf,0.0008134166022239829,0.001230376805516918,-0.008629840755792095,154
LHX,rf,0.0006374073250791951,0.0009834282934303839,0.0003425324555479392,177
LII,rf,0.0015056185892140393,0.0019327433900801093,0.0301876440357417,58
LKQ,rf,0.0008303586307495304,0.0011664161804004222,0.03785825898858852,133
LLY,rf,0.001161423828315395,0.0017184038938463596,0.004613618889061977,195
LMT,rf,0.0006612398873778559,0.0009769143115055435,-0.034512941056591195,159
LOW,rf,0.0007922509269534178,0.0011095862003576715,0.024614063967720368,218
LRCX,rf,0.0016048759447417516,0.0025252291707103416,-0.0628110905115884,91
LULU,rf,0.0011174294888410545,0.0016469611278030086,0.0025307710512365578,206
LUV,rf,0.0009247405387870304,0.0012889409742160977,0.014908512565236176,232
LVS,rf,0.0008095962181945085,0.0011343743318212311,0.04870962435964887,221
LW,rf,0.001136393303932167,0.0015528049414988883,0.04278209575719394,206
LYV,rf,0.0009386181161473217,0.0014187883121160334,0.03142547246157934,190
MA,rf,0.0007747639020249974,0.0012361625737411887,0.008349392228923724,212
MAA,rf,0.0010647683427400785,0.001971122951254117,0.0406953055980257,125
MAR,rf,0.0007028853197639126,0.001063414969561581,0.03622850985420878,159
MCD,rf,0.000529870687993869,0.0008186960761902265,-0.012098994698391818,215
MCHP,rf,0.0010576881009072012,0.001637178179794972,0.019349966918668415,217
MCK,rf,0.0010748966498905419,0.0014809103904177448,-0.0549823403434091,99
MCO,rf,0.0010670200642804567,0.0015363165338386864,0.07271747356369451,96
MDLZ,rf,0.0007298200968005963,0.000991918510141668,0.04296467591499964,233
MDT,rf,0.0007469736913616555,0.001324571832967027,0.0172290151641864,231
MET,rf,0.000630568287700373,0.0009293730374498196,0.06184171752663814,224
META,rf,0.0010482261619345846,0.00164843291698849,-0.1093097125658331,233
MGM,rf,0.0011402447631659455,0.0016906345526831108,0.013105216455403523,231
MHK,rf,0.0011709859466289474,0.0017273522401042637,0.01786023528571401,141
MKTX,rf,0.0018409399474358056,0.002763068949714467,0.018589556904125337,106
MLM,rf,0.0012878586868900917,0.0019701171196068396,-0.05296030383909711,97
MMC,rf,0.0006314599814095092,0.000994234916030135,0.03973212833950557,169
MMM,rf,0.0009489763688359542,0.0014466584609729254,0.043761106813730466,229
MNST,rf,0.0006993246742133372,0.0011968067181729715,0.04994006312956456,231
MO,rf,0.0006377872145104538,0.0009857047562338672,0.03261637809954143,233
MOH,rf,0.0015919295536577726,0.002629914449705801,-0.0924699993914806,73
MOS,rf,0.0014657208413056512,0.0021087107695928553,0.001805030594898338,231
MPC,rf,0.0008280509151092236,0.0011642028608845694,-0.011679105297267345,221
MPWR,rf,0.0028802086900166055,0.0038801062222619154,0.03987651533750125,57
MRK,rf,0.0009946780795568563,0.003140957747425562,0.0005542020153418425,233
MRNA,rf,0.002054651925551721,0.002934378755096147,-0.03141328430609658,227
MS,rf,0.0007862141425923117,0.0014131249860150335,0.03890414483310922,233
MSCI,rf,0.001317119512415243,0.0019969293652912,-0.005220160360115855,69
MSFT,rf,0.0005773331588626668,0.0008512911511428868,-0.14691206955766756,233
MSI,rf,0.000871434750598573,0.0014601016344130912,-0.0644468133611713,70
MTB,rf,0.0010058971414954726,0.0014410524220634453,0.05769994588935001,151
MTCH,rf,0.0012188623435216322,0.0018126883253164901,0.025881247976845878,229
MTD,rf,0.001399300830243857,0.001991537541805417,-0.034708552391062186,139
MU,rf,0.0014492994891095112,0.002155842382750051,-0.02852499495418037,233
NCLH,rf,0.002188494357095916,0.003003666340137189,-0.03275951448095915,231
NDAQ,rf,0.0008524437039053318,0.001266184041750115,0.015917803266696895,229
NDSN,rf,0.001186753187062244,0.0017420739849842396,-0.13202767354826972,54
NEE,rf,0.0010884261730668182,0.0016289289911724193,0.11529037006324849,233
NEM,rf,0.001205979715923236,0.00212544479953741,0.04346166837822385,233
NFLX,rf,0.001178421448013941,0.0018059623653430468,-0.06576198943558165,208
NI,rf,0.0007966843278791357,0.0011941780455665362,0.04737350102932436,228
NKE,rf,0.0008014397689840198,0.0010868093959659274,0.032748566854341576,233
NOC,rf,0.0007666769966999632,0.00122493351974225,0.03793596161142376,123
NOW,rf,0.001243378789746288,0.0017909740758114386,-0.01561814497588454,174
NRG,rf,0.0012142608645199482,0.0018105014505267253,0.021953078456728337,226
NSC,rf,0.0009602070551507021,0.0015222080163283117,0.015094660390177594,194
NTAP,rf,0.0009398663961331693,0.0013312401338281797,-0.020910014712364422,146
NTRS,rf,0.0008416748920424674,0.001434153444949033,0.05882176690897978,188
NUE,rf,0.0011831358422885443,0.0017197348285702392,-0.01024078820142127,146
NVDA,rf,0.0018750418562165309,0.0027699608996023493,-0.237006634197368,233
NVR,rf,0.001805774849164568,0.002588116411371244,-0.023667872715583682,46
NWS,rf,0.0009413542182947435,0.0015698653058712807,0.037874477097035286,138
NXPI,rf,0.0010288143516273731,0.0016006489808525382,0.009752577098247062,189
O,rf,0.000694283485182179,0.0010811865210861456,0.04632104420722194,227
ODFL,rf,0.007045812217773858,0.061904954097354165,-0.01204296238806113,125
OKE,rf,0.0007169491942182257,0.0010332302578998154,0.05608647313188264,208
OMC,rf,0.0008590121708705585,0.0017963951533840304,0.07910417383970203,203
ON,rf,0.0014241177711791571,0.0021652547088491,-0.01131778425454244,227
ORCL,rf,0.0006720754224308591,0.0009393536991602343,0.028191635492017975,233
ORLY,rf,0.0013269462045388742,0.001978741533544361,-0.04449235928600048,107
OXY,rf,0.0006571883401404009,0.0009762350577576322,0.09361204778377463,227
PANW,rf,0.0009913888935771818,0.0015463757261605963,-0.008129581545052389,221
PAYC,rf,0.0015248231807607233,0.0027749861409253527,0.019449879333303444,126
PAYX,rf,0.0007334563804019094,0.001270247097612549,0.019410354622017456,198
PCAR,rf,0.0007620329030700023,0.0011175523559280775,0.06144076388612141,184
PCG,rf,0.0008328054870226051,0.001328281732087941,0.030823930809019795,227
PEG,rf,0.0009199455094162092,0.001409892864662982,0.006364602969465949,226
PEP,rf,0.0005621723360713465,0.0009242941343491427,0.07619745772606012,230
PFE,rf,0.000730657909492747,0.0009702804870966518,0.026089158030168536,233
PFG,rf,0.0008010769373160545,0.0013519413878050493,0.03835168950984613,118
PG,rf,0.0005009377610093281,0.0008465849583904526,0.03672090873823275,229
PGR,rf,0.0006459046453716974,0.0009143851849092848,0.0590831170249394,223
PH,rf,0.0011424259348337001,0.0017763069469082043,-0.14528189446153994,110
PHM,rf,0.0012675881787671932,0.001779762107111456,0.05684943591497538,9
PKG,rf,0.001206453123583466,0.0017214522939471518,0.030036605125208893,112
PLD,rf,0.0010269934134808508,0.0021153788582812865,0.03761656306775274,223
PLTR,rf,0.002076202945144955,0.0034714065792980386,-0.044858487650633716,233
PM,rf,0.0007135832572936969,0.001042288903927568,0.035024104514694954,230
PNR,rf,0.0009173526078353491,0.0012909186251535045,0.0314812926787148,178
PNW,rf,0.0008450588894762882,0.001323197650523439,0.042897782572596355,192
PODD,rf,0.001823244917878191,0.0026488408534867127,0.020257248114149418,179
POOL,rf,0.0018560380421791748,0.003023222002121218,-0.06724874513940127,129
PPG,rf,0.0008051834940453254,0.001380376187105277,0.018230429389366032,116
PPL,rf,0.0008465369552900238,0.001254701947726862,0.006729750961496528,224
PRU,rf,0.0006605136051482976,0.0010316603714567187,0.07655323799578762,172
PSA,rf,0.0012443401809767757,0.002227142849078715,0.007697704325977939,144
PSX,rf,0.0009105403899781549,0.0013294154477317289,0.033371832815486724,233
PTC,rf,0.000983735687706525,0.001556246760142367,-0.0588051524421509,112
PWR,rf,0.001051097331722419,0.0015924116617084454,-0.02254985831308165,125
PYPL,rf,0.0011602719682325734,0.0017098072253295862,0.012542094240938662,232
QCOM,rf,0.0008241336616005361,0.00114834582724591,0.033572576613100535,233
RCL,rf,0.0014912086100702985,0.002059841573905742,-0.008267755829827195,214
REG,rf,0.000650640013190022,0.0011214924429369193,0.045658424584693935,194
REGN,rf,0.001393698411483736,0.0019161597229125358,-0.0029505253827288858,79
RF,rf,0.0008717133332437642,0.001484096009695195,0.024449018613272977,231
RJF,rf,0.0008026836735091613,0.001352239355898223,-0.006456690532113729,167
RL,rf,0.0008161877356072733,0.0012582201363985249,-0.00169953129279099,160
RMD,rf,0.000954610978917114,0.0013437809182257926,0.022929212282113864,151
ROK,rf,0.0011136624070714862,0.0015307200623865648,-0.04276638880536754,137
ROL,rf,0.000879214684263517,0.0013134518908420377,-0.05037228803390814,198
ROP,rf,0.0009789205596163419,0.001395667148271379,0.02388943441057756,75
ROST,rf,0.0006213659834640654,0.0012268127752979635,0.05759621314460972,211
RSG,rf,0.0006269415576309305,0.0008819671479619037,-0.012529375503195661,187
RTX,rf,0.0005487862816136652,0.0007960262325497229,0.03687366101648948,232
RVTY,rf,0.0013123971645211281,0.0021145479314591455,-0.025598379847844965,145
SBAC,rf,0.0010233845830756967,0.001570211161967361,0.019260889761323452,190
SBUX,rf,0.00060454756781251,0.0009714420409238262,0.0441746958223761,230
SCHW,rf,0.0007974907168238161,0.0011508435486375162,0.016935379017978147,233
SJM,rf,0.0009063564552133737,0.0014267472483917888,0.04208775745522031,155
SLB,rf,0.0008878652281389299,0.0014132703025016916,0.11254379133268566,233
SMCI,rf,0.0038274570734216375,0.005881501293788529,-0.03376048478682936,164
SNA,rf,0.001200248417876671,0.0019609869182229686,0.007618382004450086,63
SNPS,rf,0.00122863215316436,0.0017384803832162907,-0.007832431984555965,153
SO,rf,0.0007988456078002802,0.0011917872205233324,0.00012521551216138072,221
SPG,rf,0.0009439023473206771,0.0017205298070127415,0.03929849422125842,171
SPGI,rf,0.0006333643900077651,0.0009246742758180671,0.03982953249287069,200
SRE,rf,0.0007660970214859253,0.0012867707316725169,0.021393041230879706,214
STE,rf,0.0013425862362187034,0.002122288712178464,0.01034507166342713,122
STLD,rf,0.0011899973306386126,0.001672063504000942,0.03511247329244016,188
STT,rf,0.0007850724627549967,0.0012781420472029324,0.01816893348672899,109
STX,rf,0.0017431200672603272,0.002721949090107487,-0.036912904786164935,233
STZ,rf,0.0005546824796895712,0.0008632092417462738,-0.05186089692242435,194
SW,rf,0.0009023402539313796,0.0012749559934951994,-0.058921400625689735,209
SWK,rf,0.0011356173590830211,0.0017352781083614529,0.03028845566303373,208
SYF,rf,0.0009218794311800131,0.0014471752718888094,0.03088775554701917,226
SYK,rf,0.000930184559491822,0.0017021277258401262,-0.01733012556341995,164
SYY,rf,0.0006681784151799434,0.0014128487257287316,0.014187991708810355,209
T,rf,0.0006725924508990606,0.0011043627486526054,0.029589679903341826,233
TAP,rf,0.0008061347686017174,0.0011276563433742573,0.050217450250918505,204
TDG,rf,0.0014148175222727932,0.0018685533359511224,0.08627523111410151,33
TDY,rf,0.0015272576952693523,0.00225353608982541,-0.013915111861283691,48
TECH,rf,0.001544965807906439,0.0022914591623915902,0.054698813785009626,189
TER,rf,0.001317310700360257,0.0018766566497686375,0.007724261612289451,183
TFC,rf,0.0008316302709137349,0.0014773535605980105,0.10226986159577,231
TGT,rf,0.0007586784107111468,0.0011753487607091728,0.01926150529207271,228
TJX,rf,0.0006482690769265498,0.0014439365694146268,-0.006389702256587082,229
TKO,rf,0.001119845985030268,0.0015886127689523776,0.015553611962313307,164
TMO,rf,0.0007534328603011571,0.0011301227765752664,0.01885052068215831,164
TMUS,rf,0.0005763143197527662,0.0008852260858313956,0.05541485602298912,228
TPL,rf,0.013692117666543862,0.10676992376838647,0.025254352640377564,101
TPR,rf,0.0010593208842663924,0.0016247255355773984,0.06272454663661642,229
TRGP,rf,0.0007674738616884017,0.001255743894594172,0.0607227750665863,188
TRMB,rf,0.001301043386238011,0.0019644431013270333,0.005519605078301737,192
TROW,rf,0.000765721581894273,0.0013536123236530197,0.05699113177102966,182
TRV,rf,0.0006900871329864053,0.0009884416003278689,0.05713139515333321,170
TSCO,rf,0.0010463731206019197,0.0015644579615528775,0.061872179267642324,176
TSLA,rf,0.0016769919389783092,0.0023387621725467324,-0.01422732572426022,233
TT,rf,0.0008075669816544418,0.0011685488205562854,-0.09514684083412805,181
TTD,rf,0.001324863598051224,0.002013753783343494,-0.003935998670066443,217
TTWO,rf,0.0010817079292936088,0.0015964208051724442,-0.030413819677304943,43
TXN,rf,0.0009089476741966061,0.0014039118535803731,0.05905042755819101,230
TXT,rf,0.0008022976617644309,0.0011682053583145834,0.019556551707111347,155
TYL,rf,0.001332369101770733,0.001759323951155936,-7.261374667355547e-05,41
UAL,rf,0.0013252173273150425,0.0019839914112862182,0.007436821531455973,230
UBER,rf,0.001230750941532948,0.0018887593951591739,-0.07493711693870697,233
UDR,rf,0.0010057927848716973,0.0016056685548357299,0.03294642432651773,198
UHS,rf,0.0011103417998476327,0.001691398463030815,0.013643505809781353,160
ULTA,rf,0.0012527447328892656,0.0017244343997787732,-0.008048347639465492,209
UNH,rf,0.0007184094609084605,0.0010150518190011352,0.020445769892538657,214
UNP,rf,0.0007422022593789047,0.0011200224326437353,0.05809263280101873,219
UPS,rf,0.0015486065684161602,0.002448341361014392,0.01011733513344193,231
URI,rf,0.0016012788481210437,0.0022480311590605735,0.007854788175336025,83
USB,rf,0.0007475684122116095,0.0012032815350031582,0.09590174825087916,226
V,rf,0.0007045798071073047,0.001208046300518915,-0.09050637324831712,232
VICI,rf,0.0007773683337952358,0.001296170908322148,0.027040516774112233,232
VLO,rf,0.0011173243025408921,0.001672177380737307,0.019272583462615178,226
VLTO,rf,0.0008662742455277383,0.0012668163806214283,-0.004421599969905543,196
VMC,rf,0.0010046619231454446,0.001419840886957856,-0.013525462453563453,134
VRSK,rf,0.0007176237683908347,0.0011664031269899733,-0.050115152935321206,198
VRSN,rf,0.000822434337490704,0.0013098340644258826,0.04753169237807697,128
VRTX,rf,0.0009855574014295974,0.0014248534614806508,-0.03991124403901947,151
VST,rf,0.0017301786451354457,0.0024331852533885086,0.02685865133733467,227
VTR,rf,0.0008801498882098651,0.0015596022592638083,0.013338522800048214,206
VTRS,rf,0.001273689226792564,0.0020795431080869267,0.02313099832289489,229
VZ,rf,0.0006529662630665563,0.0012871926246754417,0.024846027569031537,233
WAB,rf,0.0008197568365103351,0.001282194547622829,-0.04505718363454725,149
WAT,rf,0.0010716263405192927,0.0015126140248275844,0.042027173902605464,129
WBA,rf,0.0018838694776594004,0.0041328460889844,0.023341529776228942,231
WBD,rf,0.0013658138436849633,0.0020175440205315556,0.0374369647307633,232
WDAY,rf,0.0009116365487452439,0.0012670113253842356,0.0001724175081647683,219
WDC,rf,0.0017809094061648303,0.002484689947630928,0.03314160270245403,233
WFC,rf,0.0007059956764988163,0.0009983281132758418,0.046891089862568736,233
WM,rf,0.000528823862334907,0.0008592893000586636,0.02832417093877093,215
WMB,rf,0.0006628402929082669,0.0009799180941946614,0.04483051291596929,232
WMT,rf,0.0005604428281590516,0.0008501804861189772,-0.00020259143889367337,233
WRB,rf,0.0007469705471851619,0.0012325444054283271,0.04521658812761398,195
WSM,rf,0.001548764257520402,0.0024764721119548156,0.044490385414078126,182
WST,rf,0.0014417433605908355,0.0020908453733313567,0.0029763988035214073,56
WTW,rf,0.0006687985448533087,0.0010302659872244134,-0.031165640737741418,153
WY,rf,0.0007859590774672177,0.0011810113479755985,0.04727689056417106,221
WYNN,rf,0.0009787615271420907,0.0013727026109983807,0.025330219748382343,147
XEL,rf,0.0008795096475722911,0.0016353980660946663,0.03051999301922359,229
XOM,rf,0.0006012277180475398,0.000932884035792738,0.08314287215458416,233
XYL,rf,0.0006885181511367918,0.001092145314333704,0.06794840233792376,166
XYZ,rf,0.001837563099518404,0.0027702533162783007,0.01830418591314875,226
ZBRA,rf,0.001971220073932423,0.003446362894274305,-0.008382067663898596,92
ZTS,rf,0.0013212318340348774,0.002053059536169742,0.015158650203489499,229
A,ridge,0.0008749565713589207,0.0012901037367372404,0.0033619145879276724,199
AAPL,ridge,0.0007173315852244762,0.0012286952931366303,0.0002583815407053436,233
ABBV,ridge,0.0005653459794602032,0.0008169138473829716,0.008875795962486666,230
ABNB,ridge,0.0009054981553116462,0.0012536153163306477,-0.011615845549961978,220
ABT,ridge,0.0008373194383116325,0.0012348738677401647,-0.004747223228222186,227
ACGL,ridge,0.0007124143824483914,0.0010462193274182114,0.0026264116500708257,199
ACN,ridge,0.0008666814429882705,0.0012608503923953141,-0.011691029920715357,230
ADBE,ridge,0.0011061861234718902,0.0017791275341874646,0.0024299990350963308,229
ADI,ridge,0.0009372096451050833,0.0014647610471974827,-0.0015864449835090166,216
ADM,ridge,0.000815244921194505,0.0011502276170121477,0.0011483199607273953,224
ADP,ridge,0.0007557108872595527,0.001360279802229768,-0.0009732079489142009,169
ADSK,ridge,0.0008829667953348947,0.0012145362061269662,-0.0036717239822754433,162
AEP,ridge,0.000762059426491511,0.0012571378781345308,-0.011294145912517095,216
AES,ridge,0.0014486543316604775,0.0021069800348349327,-0.016089426461133316,233
AFL,ridge,0.0006500605415260998,0.0010142537573320904,-0.0030131095237928562,194
AIG,ridge,0.0006147816904197604,0.0008990223673696334,-0.007250345270807923,230
AIZ,ridge,0.0015761368215855265,0.0023833830770305727,-0.045002545556419804,72
AJG,ridge,0.0007695468663858145,0.0012053414299764461,-0.0061965104866474885,158
AKAM,ridge,0.0006951726089032288,0.0010118940497991847,0.002909259968953859,169
ALB,ridge,0.0018726541226401065,0.0028160749048820387,-0.020847746094558417,225
ALGN,ridge,0.0016176770405926656,0.002655406565508485,-0.002341703049918209,103
ALL,ridge,0.0009241678218348525,0.0014506366354394655,0.005286939412687208,144
ALLE,ridge,0.0009565148954274727,0.0014164753138833945,0.005594539572791768,116
AMAT,ridge,0.0011322818217633758,0.0016031855887003326,-0.000635512368245772,220
AMCR,ridge,0.000756999970706731,0.001281660036655829,-0.0021995273277197747,212
AMD,ridge,0.0018474798475486538,0.002668866600404129,0.00020475113839035775,233
AME,ridge,0.0007170795957147756,0.001142839331991209,-0.0028079091590411664,145
AMP,ridge,0.0012853782905090665,0.0019779722265631967,-0.007394537685996516,76
AMT,ridge,0.0009067122984181096,0.001295490369727933,0.0031907727751729897,213
AMZN,ridge,0.000753110314732117,0.001054340983218148,-0.002314268497269012,233
ANET,ridge,0.0015144862713630809,0.0022061432170927403,-0.01652018812169631,204
AON,ridge,0.0006465365975979593,0.0010185311096819608,-0.009213324859284722,173
AOS,ridge,0.0007576436171107132,0.0010648979366862479,0.006757297763188452,173
APA,ridge,0.0015397651135428665,0.0025526548361249984,0.002922785477519896,233
APH,ridge,0.000759207764708668,0.0011948428566721748,0.006187714088194851,226
APO,ridge,0.0009259054101083627,0.001424260890867765,0.005017893312739274,203
APTV,ridge,0.0011510558940495386,0.0016958560230072172,-0.00028330686162436614,225
ARE,ridge,0.001186257214387069,0.0017222221338982686,-0.0011593123461624,169
ATO,ridge,0.0009849407233188585,0.0015366809148628596,-0.0035078903562897334,130
AVB,ridge,0.001207109312244212,0.0017463271700570275,-0.008741471137176715,109
AVGO,ridge,0.0017222062796778735,0.0023812915151257513,-0.011774397088208932,169
AVY,ridge,0.0011486418109875507,0.0015994335212730026,-0.008675195053222451,129
AWK,ridge,0.0010483661517243527,0.0015428395297643251,-0.016372301980233983,204
AXON,ridge,0.0016621226223492614,0.0025518998890034007,-0.0030205410147174927,53
AXP,ridge,0.000713645189376214,0.0012788423664952943,-0.0006700505354182429,196
AZO,ridge,0.001090145238308371,0.0016011310976640858,-0.003626357337628283,180
BA,ridge,0.0010691313714533536,0.0015514979955828776,-0.0034509870961698663,222
BAC,ridge,0.0007100747453503022,0.001081189299043076,-0.005149453926267089,233
BALL,ridge,0.0010844597338793738,0.0016333421447984572,0.000709223057206998,74
BAX,ridge,0.001087836362640341,0.0017226977014130208,-0.0003727715924273234,220
BBY,ridge,0.0012342619097383662,0.0020183628173049317,-5.9086181529943715e-05,221
BDX,ridge,0.0009614325028339311,0.0014008338023357501,-0.0034836548149510538,157
BEN,ridge,0.0008771213449332286,0.0014577814001648288,-0.001129860080728351,220
BF.B,ridge,0.0009486165379939939,0.0013600806285448033,-0.003136758309706389,93
BG,ridge,0.000888790699385905,0.0012926456013123754,-0.007061052836192294,209
BIIB,ridge,0.0009663918784200565,0.0013814445884288424,0.005418367166284188,195
BK,ridge,0.0005716998602229394,0.0009960473340717112,-0.001505112287617294,217
BKNG,ridge,0.0017443249873361152,0.002419515706656135,-0.0098565446085086,64
BKR,ridge,0.0009542754966976359,0.001579163478217763,0.005384320190010117,233
BLDR,ridge,0.0012320004792639638,0.0018864723270493441,-0.0002708850960555509,189
BLK,ridge,0.0011785088350147316,0.0018098494169973508,-0.009101540347928871,81
BMY,ridge,0.0009386293601508106,0.001785943997823418,-0.0033193272763940573,233
BR,ridge,0.0010898086729037005,0.0016537783909982597,-0.009142535904993476,64
BRK.B,ridge,0.0005572712061783835,0.0008786875507880824,-0.012191681782262265,175
BRO,ridge,0.0006813961191748995,0.0011456954567500325,-0.0018064126174679451,171
BSX,ridge,0.000601943960778127,0.000851371786157988,-0.0027078925684025368,232
BX,ridge,0.0009435801976266048,0.0015635896956008232,0.00474436936856637,213
BXP,ridge,0.0014144492034239794,0.0021014404034502645,-0.005891536661713159,197
C,ridge,0.000826008225637218,0.0012587766088239718,-0.006602757227513134,233
CAG,ridge,0.0008162623346304534,0.0012041817637795124,-0.0020344405121586195,232
CARR,ridge,0.0007072199944597362,0.0010238128956246055,0.0020050862907364797,223
CAT,ridge,0.0007739481055064658,0.001087542494459949,-0.0007704849306024997,199
CB,ridge,0.0006211079311112784,0.0009052727444162174,-0.0017441693051083451,163
CBOE,ridge,0.0008576600602345004,0.0012018984315731816,-0.005046009765922399,194
CBRE,ridge,0.0009929227784549047,0.0015487469695364467,-0.0005960038915557853,181
CCL,ridge,0.002990335390334323,0.004652835142065304,-0.005194287014307131,233
CDNS,ridge,0.0012797158066562141,0.0018617187894893468,-0.013659359105579805,146
CDW,ridge,0.0009274472120410366,0.001291680532280211,-0.0059919745814684955,124
CEG,ridge,0.002085594410827637,0.0032002547981251077,-0.005545729896420326,225
CFG,ridge,0.0009765254512182064,0.0015497322696464038,0.0009465418983377605,229
CHD,ridge,0.0007368440894726935,0.0012509133762638397,0.0009610758480336212,172
CHRW,ridge,0.001021924051880711,0.0016140780566358075,-0.0012287944229472103,194
CI,ridge,0.0007508230994373206,0.0013402003027416132,-0.016726800903324568,120
CINF,ridge,0.0008705633552059582,0.00134321728568622,-0.015469217894448217,137
CL,ridge,0.0005880834062212419,0.0010434422601040215,0.003443017932065695,223
CLX,ridge,0.0009930522291515004,0.001643028748507101,0.001401299640473419,153
CMCSA,ridge,0.0008393684836825821,0.0013818423724558373,0.001370855180438335,233
CMG,ridge,0.0017349118404125586,0.00285592091736039,-0.002702761792383379,60
CMI,ridge,0.0008836944775904235,0.00122897442374771,-0.0048600410464867405,178
CMS,ridge,0.0008273602378666994,0.0012553325109177559,-0.005325055750064145,208
CNC,ridge,0.0006997315543049632,0.001160932465679968,-0.0018017437849853213,227
CNP,ridge,0.000842110631080773,0.0013092524824610805,-0.010176531695600621,232
COF,ridge,0.0010088250773740825,0.0018454747184177525,-0.008800339266403556,212
COIN,ridge,0.003841504433693288,0.0056821400652608735,-0.00015137737971437915,221
COO,ridge,0.0009078122250432496,0.0013192126992069115,0.009006549668996944,155
COP,ridge,0.0007523113787471951,0.0013741095858329393,0.011928918587068904,230
COR,ridge,0.0008381498159246482,0.0013558389001124078,0.0011818540677839273,153
COST,ridge,0.0007124514493694424,0.001009383587985506,0.001284413490735714,142
CPAY,ridge,0.0012116634955953432,0.0019417002306360844,-0.0005349226448263522,111
CPB,ridge,0.0008560625770844854,0.0016105161586589505,0.00016343921856432075,214
CPRT,ridge,0.0007347016635428474,0.0012077474478865854,0.0010369279794356645,230
CPT,ridge,0.0008985263246904259,0.0013821803253366543,0.0017516020408637756,182
CRL,ridge,0.0015336341641523448,0.002042609554840651,-0.0009938618223341855,97
CRM,ridge,0.0009963817260491845,0.0015595414524489514,-0.01170109885672077,232
CRWD,ridge,0.0015612331263440528,0.0023876114109796826,-0.005447017483396488,207
CSCO,ridge,0.0005076373107320059,0.000755819341555018,-0.002438974738470101,233
CSGP,ridge,0.0011116143320112778,0.0018619196371883987,0.005230356084329202,125
CSX,ridge,0.000951925784496728,0.001442972439179333,-0.00881485478970645,233
CTAS,ridge,0.002793356645485968,0.007705753718860409,-0.009087567848842237,103
CTRA,ridge,0.0008117047947381294,0.001139003534956334,0.0060379728346509065,224
CTSH,ridge,0.0007347549056675495,0.0011622327903343245,-0.00032983078120762954,217
CTVA,ridge,0.0008373866922649501,0.0012828778574306714,-0.006833648956095617,219
CVS,ridge,0.0008062875867236325,0.0013116964251397238,-0.006453348356211919,229
CVX,ridge,0.0006881733698467827,0.0010552387530672442,0.01130557630572826,222
CZR,ridge,0.0015374727256784735,0.0024429828123889337,-0.005523266629110735,227
D,ridge,0.0012090308437595703,0.0017921510076428814,0.0005176242532534125,230
DAL,ridge,0.0009225944800370166,0.00131043058605482,-0.02156633177099021,232
DASH,ridge,0.001180465754049384,0.0017909560195079363,-0.0029985221818047414,225
DAY,ridge,0.0010242543764118494,0.0016787934821804085,0.00044598818922181316,206
DD,ridge,0.0005658195444557966,0.0009140359286842213,0.002640228402748357,229
DDOG,ridge,0.0013388578877502081,0.0019754902725545942,-0.0033475307752230954,221
DE,ridge,0.000839752781784947,0.0015592480775485933,-0.0015497531865731329,192
DECK,ridge,0.0016459118229907991,0.0022020355558007207,-0.004794737823474504,92
DELL,ridge,0.0014298021965377832,0.0021245939749261152,-0.003796858648519308,228
DG,ridge,0.0009534401809884974,0.0014756211920413653,-0.009055225238343123,226
DGX,ridge,0.0010434391414803478,0.0014690995285905556,-0.019844192714031594,134
DHI,ridge,0.0009946284760240665,0.001483415442110821,-0.004953928887224013,167
DHR,ridge,0.0008140978177086992,0.0011478321851722054,-0.0044298601603713905,197
DIS,ridge,0.000929915221176895,0.0014996557482910137,-0.006976403496936401,233
DLTR,ridge,0.0009617993429960103,0.0013971626206311474,-0.018464535848073726,225
DOC,ridge,0.0010881221204455931,0.0019299341503598042,-0.016588062771859535,228
DOV,ridge,0.0007169345557002101,0.0010392425410805954,0.00021278057738294276,187
DOW,ridge,0.000754405031693778,0.00137067914140152,0.005642506163104244,222
DPZ,ridge,0.001122526758404972,0.0017120459654474767,-0.03804637620299722,162
DRI,ridge,0.0007435030654753703,0.0010727877315847977,-0.0007133582208824762,216
DTE,ridge,0.0009370462858689697,0.0016091689682210446,-0.0019791119951686476,188
DUK,ridge,0.0007923448591018167,0.0013158078899109527,0.0053977076125047985,192
DVA,ridge,0.0010510035442268966,0.0016979305336331121,-0.008465878970322915,123
DVN,ridge,0.0008039654644545769,0.0014173481351227042,0.0037362047841501544,232
DXCM,ridge,0.0014349204677016369,0.002044594995260186,-0.0018763538537236446,222
EA,ridge,0.0007532365932109082,0.000994543978275349,-0.0022795165863966904,115
EBAY,ridge,0.0008492075161019986,0.0012829566044710431,-0.011756834063017196,229
ECL,ridge,0.0005890363247543996,0.0010346227939821311,0.002716113033091716,181
EFX,ridge,0.0009353342359295496,0.0014818574287452872,0.005793316961344552,163
EG,ridge,0.0014262410915896705,0.0021020695413580697,-0.012943697289891753,82
EL,ridge,0.0015731703353490589,0.0028475670249132248,-0.01825873992019722,222
ELV,ridge,0.0007995874844150501,0.0010779376462724279,-0.005886808491672335,133
EMN,ridge,0.0009309776720666888,0.0015405632152178952,0.004951582823178757,192
EMR,ridge,0.0006618720430522388,0.0008742996544821251,0.0004791601817089042,189
ENPH,ridge,0.002740039405514458,0.00467142431727113,-0.002744084993487883,224
EOG,ridge,0.0008724482038514675,0.0014691340757470419,0.01019496353839644,211
EPAM,ridge,0.0016064716597353366,0.002644487560281603,-0.005502687389849381,127
EQIX,ridge,0.0012412997664469692,0.0018239574232854162,-0.013523082366073691,164
EQT,ridge,0.001121696189958362,0.0015552832579634169,-0.010512111432604998,233
ERIE,ridge,0.002138584044669787,0.003116035768308609,0.0023283350080210985,142
ES,ridge,0.0011603291860340268,0.0018787647487358418,-0.007511097415670909,219
ESS,ridge,0.0016429467603972833,0.00258888454353171,-0.004590092762278175,69
ETN,ridge,0.0008889623893919697,0.0012703277625173545,-0.00394160870171989,207
ETR,ridge,0.000799511906554899,0.0011706441604163802,-0.0066221659908682895,195
EW,ridge,0.001004305677352066,0.0013720585452857198,0.006576528093439449,225
EXC,ridge,0.0007655117829812761,0.0011944301382138024,-0.005748661407120048,233
EXE,ridge,0.0009034031646442514,0.0013699714500952668,-0.0002895975841499254,218
EXPD,ridge,0.0008647109283542916,0.001214740739478372,-0.0028978078925654405,154
EXPE,ridge,0.0009639842269207882,0.0013383268023698701,0.003815771783085453,191
EXR,ridge,0.0013763949879399724,0.002118471883782773,-0.010464894531161617,156
F,ridge,0.0012145710549124932,0.0022034345535470435,-0.0012769293398300352,232
FAST,ridge,0.0007319541617499538,0.0010132646746150863,6.614220096656798e-05,213
FCX,ridge,0.001264392763062756,0.0019174149130554187,-0.0008201978945530097,233
FDS,ridge,0.001179681740975304,0.001810614487712572,-0.02103738639254038,78
FE,ridge,0.0007628885905955494,0.0011176244373917934,0.0030045217972411997,227
FFIV,ridge,0.0011035683976930025,0.001579014967411974,0.005207056553870548,60
FI,ridge,0.0006093791149345798,0.0009665230068402573,0.0029823699267649273,212
FICO,ridge,0.0014204606455660272,0.002205824857546229,-0.0056510374664466845,169
FIS,ridge,0.000914177824522029,0.0013701869520124938,-0.012198544446617277,233
FITB,ridge,0.0008769725680282576,0.001268922943420115,-0.001278571591456945,229
FOX,ridge,0.0011543320948998875,0.001641584037501456,-0.02001903892071577,152
FOXA,ridge,0.0010265638697422059,0.0014471086172905385,-0.008505870408801464,214
FRT,ridge,0.0011093463991147913,0.001857328533075165,-0.013051362872306793,121
FSLR,ridge,0.0021827898807827307,0.0036384908276755608,-0.009259464769387105,204
FTNT,ridge,0.001013264696619484,0.0013441813859097387,0.0016326479221858703,226
FTV,ridge,0.0007702194716695818,0.0013952806775753962,-0.004184377485870083,169
GD,ridge,0.0006257940670454297,0.0008892043911571772,-0.004706961798124576,109
GDDY,ridge,0.0012115682791579388,0.0021135145759990205,0.0002551838239365223,161
GE,ridge,0.0012102031659505027,0.002013562823444661,-0.0006566848453013474,232
GEHC,ridge,0.0008636489826893571,0.0013935325824434462,-0.00777589933476408,206
GEN,ridge,0.0009180100780882498,0.0014256507097949664,-0.0003213550291096823,207
GILD,ridge,0.0006200043700989959,0.001031004369561489,0.0008533996444550773,232
GIS,ridge,0.0007481039535916278,0.0011016277191028226,-0.0052539103477138305,230
GL,ridge,0.0008350137752605222,0.0011366564884370824,0.005529090909707324,186
GLW,ridge,0.0006998484811300577,0.0010691180068949826,0.0035095096040470564,222
GM,ridge,0.0010155405859284838,0.0017773867357941734,-0.004613368040460086,233
GNRC,ridge,0.0015153237509875762,0.0021979597018032563,-0.02980201595301879,170
GOOG,ridge,0.0006431810613589725,0.0008794822317214164,-0.008566438012165278,233
GOOGL,ridge,0.0006671909352497504,0.0009012492566557778,-0.0068869508979081395,233
GPC,ridge,0.0007118544099925357,0.0011479252885375438,0.001951838041294618,170
GRMN,ridge,0.0008622603286643261,0.0011937476910593493,-0.001712181127553114,125
GWW,ridge,0.0018612701373277448,0.0026517945954182124,-0.016752541875554527,26
HAL,ridge,0.0009644045593685759,0.0017868762886750192,0.005200954693990734,229
HAS,ridge,0.0012904994447273767,0.0019335240391052755,0.004322657775037042,170
HBAN,ridge,0.000827118140927976,0.0014521832840575573,-0.007239681397560149,231
HCA,ridge,0.0008119133191941667,0.0013888833793146307,-0.0034490903018831176,186
HD,ridge,0.000774085228104754,0.0011771725244418105,0.0006333523072353797,218
HIG,ridge,0.0006428828647019988,0.0009788873790943517,-0.006736533981214876,210
HII,ridge,0.000868605082582722,0.0013635451833251754,-0.0010002685391778954,130
HLT,ridge,0.0006060308215553836,0.0009002946396706028,0.004480968784615569,193
HOLX,ridge,0.0006795968102087542,0.0010448509426300863,-0.02100404582728599,166
HON,ridge,0.0006296968327597388,0.001055831108131192,-0.015205233303419385,220
HPE,ridge,0.0008533882130980985,0.0012320890432175307,0.0014209193766063777,232
HPQ,ridge,0.0007122865374501015,0.0009539805168870922,0.00377441009171664,232
HRL,ridge,0.0008990415214133164,0.0014182688592807124,0.001592309605266018,204
HST,ridge,0.0009518026844196143,0.0013119622448310986,-0.0008327282229960709,232
HUBB,ridge,0.0013064189578487013,0.001838859237623421,0.0013781873001591505,93
HUM,ridge,0.0008382730140689889,0.0010822109944716406,-0.0033221690640083956,173
HWM,ridge,0.0006122321929381686,0.0009473857299668314,-0.002768567219720408,225
IBM,ridge,0.00062713486652145,0.0008589506187588797,0.009036265680463118,209
ICE,ridge,0.0007072904554955697,0.0010186144427594946,0.00319489757729019,213
IDXX,ridge,0.001151122295410082,0.0020032830484489183,-0.006285083788305723,99
IEX,ridge,0.0011470064190894783,0.0016238303416204458,-0.0014450515457467006,73
INCY,ridge,0.001121447870942585,0.0015103641478148076,0.00318141328450805,182
INTC,ridge,0.0013494781067973974,0.002411569067314728,-0.006564184349817648,233
INTU,ridge,0.001081609542187629,0.0016074120996158593,-0.0005794439094735093,126
INVH,ridge,0.0007864009882194072,0.001131225450586514,-0.01678964838565844,230
IP,ridge,0.002254750633190329,0.004242302039724375,-0.0026286537696931234,232
IPG,ridge,0.0011382737028567853,0.0016822839866996817,-0.004835908021662894,202
IQV,ridge,0.0011045366229383586,0.0018729919724201367,-0.00174508850661792,156
IR,ridge,0.0008659227557569411,0.0012156387776563952,-0.00207235605891265,207
IRM,ridge,0.001036280269500288,0.001694156398020149,-0.012743963739350717,137
ISRG,ridge,0.0011332359279800004,0.001627805873835758,0.00335814863806283,174
IT,ridge,0.0014448688673786916,0.0018465676432935924,-0.005802090113066871,76
ITW,ridge,0.0006442803189044563,0.0009832213579559484,0.005551855396890959,151
IVZ,ridge,0.0009870996735430583,0.0017489253536981716,-0.0004613814820213502,228
J,ridge,0.0009438158646589693,0.00151827075066597,-0.019857261634930623,98
JBHT,ridge,0.0011834179186440417,0.0017547176504425462,-0.01881618517851158,138
JCI,ridge,0.0006014435523715635,0.000856134978366321,-0.006975306995963937,229
JKHY,ridge,0.001196874805690356,0.001948524810806645,-0.03955039544845218,110
JNJ,ridge,0.0006919985417316552,0.0009687211064448582,-0.0027846449605652968,224
JPM,ridge,0.0005782095254409541,0.0008596826970191787,-0.01420571749423849,227
K,ridge,0.0007068129207589971,0.0011458675105739087,-0.006840653478427772,226
KDP,ridge,0.0010427357980846523,0.0015218841884120074,0.0002137239956709891,233
KEY,ridge,0.001077027657031462,0.0017541778465754475,-0.0019986130086395715,231
KEYS,ridge,0.0009231003670289956,0.0013546307415578192,-0.008631365151136938,194
KHC,ridge,0.0006340356187213823,0.0010174602787206728,-0.005092892587204023,233
KIM,ridge,0.000862907677169718,0.0015497186579953197,-0.003947572450255343,228
KKR,ridge,0.0009262380157216241,0.0014412337183645919,0.004609308124101874,221
KLAC,ridge,0.0016364560712468438,0.0024312787450788734,0.0030500258484029708,103
KMI,ridge,0.0005771039969683758,0.0009731727701524605,0.0012441971767657156,230
KMX,ridge,0.0011417549034348237,0.0016314953548966589,0.009140225829766369,205
KO,ridge,0.000514502785370949,0.0008158004684557967,-0.003822687504227096,232
KR,ridge,0.000744552725716608,0.0010812266774158819,0.006626655366308132,223
KVUE,ridge,0.0008230020479529966,0.0012816585510144543,-0.009331462908203747,232
L,ridge,0.0008377322004744089,0.0012626935809395864,-0.03324375324414852,71
LDOS,ridge,0.0007555576097841699,0.001161680147366003,-0.0008781971539733036,160
LH,ridge,0.0008052563161842518,0.0012279124038501387,-0.004593386727182569,154
LHX,ridge,0.0006328855006430155,0.0009833015326634758,0.0006002211581139782,177
LII,ridge,0.0015510706691697752,0.001958245144835436,0.00442625147027631,58
LKQ,ridge,0.000827791851748326,0.001194104396335889,-0.008362252699711359,133
LLY,ridge,0.0011623729883765688,0.0017272028215719523,-0.005606045967670337,195
LMT,ridge,0.000654475027778177,0.0009633457505188838,-0.005975388834263962,159
LOW,ridge,0.0007941628515441081,0.0011205627000956593,0.0052207455830807215,218
LRCX,ridge,0.0015688565096330445,0.0024480143021964546,0.001191144497641683,91
LULU,ridge,0.0011212633308006396,0.0016493044569605689,-0.0003096864887195405,206
LUV,ridge,0.0009276498432383127,0.0012973276986758741,0.002047459776054361,232
LVS,ridge,0.000819581847872854,0.001162199655642902,0.0014684168639451656,221
LW,ridge,0.001149892219233788,0.0015946781101202551,-0.009538927692449128,206
LYV,ridge,0.0009458076357038032,0.0014398818559314913,0.002411216495940338,190
MA,ridge,0.0007668113411095421,0.0012375972122445282,0.0060463202642938585,212
MAA,ridge,0.0010721185002058055,0.0020090802805183133,0.003393484457159257,125
MAR,ridge,0.0007141237504226279,0.0010821137651107712,0.0020371397192575635,159
MCD,ridge,0.0005271361053039404,0.0008164325433121233,-0.006510223853466446,215
MCHP,ridge,0.0010647758044330707,0.0016487837209736903,0.00539752984968489,217
MCK,ridge,0.0010583330667763055,0.0014434933040695333,-0.0023448809407859983,99
MCO,ridge,0.0010976496627451268,0.0015976071385578868,-0.0027453391182106213,96
MDLZ,ridge,0.0007341347752180306,0.001013209746246409,0.0014387799485268138,233
MDT,ridge,0.0007517556786132548,0.0013456995175859018,-0.014372550259429628,231
MET,ridge,0.0006411162317131976,0.0009592844572074058,0.0004815956750583439,224
META,ridge,0.0010402064238154496,0.0015816197056333875,-0.021208435600934328,233
MGM,ridge,0.001156046484907334,0.0017139962141552087,-0.014357602749192067,231
MHK,ridge,0.0011870206884951387,0.001754003400887149,-0.012680254705799587,141
MKTX,ridge,0.0018664492710850373,0.0027882729378008227,0.0006035618137446574,106
MLM,ridge,0.0012655687163536569,0.0019238200339574724,-0.004053362755596535,97
MMC,ridge,0.0006404714702905173,0.001015157895346557,-0.0011094715992336912,169
MMM,ridge,0.0009543836606660752,0.0014757872715813693,0.004865228014000689,229
MNST,ridge,0.0007049517925368996,0.0012269453965287093,0.0014876543528216102,231
MO,ridge,0.0006401558466788238,0.0010022281325009039,-8.797307957708611e-05,233
MOH,ridge,0.001572306169722454,0.002526562484100298,-0.008292097459326353,73
MOS,ridge,0.0014719270432030091,0.002120598391441718,-0.009481117878845202,231
MPC,ridge,0.0008231412039448451,0.001150721689096931,0.011615209466974141,221
MPWR,ridge,0.0029290758345681314,0.003966955201668777,-0.0035856774566715988,57
MRK,ridge,0.0009981245783425487,0.003146770178345429,-0.0031482258297190757,233
MRNA,ridge,0.002030097675779907,0.0028991133830087463,-0.006771198320954852,227
MS,ridge,0.000795124190776031,0.001444301910008688,-0.003971823946785191,233
MSCI,ridge,0.0013121700944275512,0.002000713521964427,-0.009033529852327415,69
MSFT,ridge,0.0005630346145920588,0.0007953564187100622,-0.001146112843724234,233
MSI,ridge,0.0008458769060662287,0.0014365877156973792,-0.030438528702305234,70
MTB,ridge,0.0010206006108780346,0.001480911919681157,0.004850992750373151,151
MTCH,ridge,0.001224363970890792,0.0018412306321230882,-0.005036909804390977,229
MTD,ridge,0.0013787946934500977,0.0019539564180440856,0.003973738709340258,139
MU,ridge,0.001435495806433306,0.002129841618485281,-0.003865334152063804,233
NCLH,ridge,0.0021714883433503283,0.002956459390552283,-0.0005520016329885191,231
NDAQ,ridge,0.0008580535882373713,0.001275764228634195,0.0009699649020042944,229
NDSN,ridge,0.001130001903558256,0.0017027551824428363,-0.08150436002105987,54
NEE,ridge,0.0011081040037098048,0.0017296290448089995,0.002524153886086844,233
NEM,ridge,0.0012121848566437462,0.0021745418746968617,-0.0012401766167038364,233
NFLX,ridge,0.0011817067946939606,0.0017626409611506263,-0.015244281633615797,208
NI,ridge,0.000803014359793436,0.001221435682471887,0.0033889479106190556,228
NKE,ridge,0.0008109516563672728,0.0011042046021121148,0.0015375911905942674,233
NOC,ridge,0.0007817276399368138,0.001256585042875773,-0.012424660365880857,123
NOW,ridge,0.00124092968863218,0.0017884711783327052,-0.012781463075695276,174
NRG,ridge,0.0012256848456110082,0.001829264141013092,0.0015765373133937999,226
NSC,ridge,0.0009692841848833721,0.001541523539279341,-0.01005914305862654,194
NTAP,ridge,0.0009301626273253256,0.0013179330262118071,-0.0006019436092199459,146
NTRS,ridge,0.0008541779405239451,0.0014855944975491302,-0.009906571013455157,188
NUE,ridge,0.0011663656869256602,0.001710197189248252,0.000933717790781996,146
NVDA,ridge,0.0018165407241871713,0.002512700105789932,-0.017902234097151304,233
NVR,ridge,0.0017967579015589325,0.002572228769803393,-0.01113849082621532,46
NWS,ridge,0.0009488339296014141,0.0015972742021090984,0.003984935616526353,138
NXPI,ridge,0.001033773019323735,0.0016130295490606578,-0.0056252340968574455,189
O,ridge,0.0007036695238355685,0.0011116234048177782,-0.00812948782087286,227
ODFL,ridge,0.007038926551833567,0.061783407400291576,-0.008072691534168674,125
OKE,ridge,0.0007277621300747094,0.0010634150931742032,0.00012981574523807105,208
OMC,ridge,0.0008687662312793716,0.0018739825360429732,-0.0021617755105718395,203
ON,ridge,0.0014124520870980486,0.0021514360385291842,0.00154949875446031,227
ORCL,ridge,0.0006762125382894076,0.0009490337058398493,0.008059535211151436,233
ORLY,ridge,0.0013050118926275012,0.001939700505620072,-0.0036828099323504837,107
OXY,ridge,0.0006654616180514854,0.0010220246597193376,0.006591036319203547,227
PANW,ridge,0.0009901510916112547,0.00154558033701245,-0.007092771285318378,221
PAYC,ridge,0.0015352522299274265,0.0028140770925498652,-0.008370524297678594,126
PAYX,ridge,0.000739892782347836,0.0012899463812749627,-0.01123990103766137,198
PCAR,ridge,0.0007669276623158148,0.001151768222560581,0.0030896263622157694,184
PCG,ridge,0.0008385075105185932,0.001350486491261399,-0.0018501582318968257,227
PEG,ridge,0.0009247278300044561,0.0014169707816474818,-0.003636897380079107,226
PEP,ridge,0.0005636007534244121,0.0009618274971850234,-0.00035267221323653786,230
PFE,ridge,0.0007403586928247154,0.0009840509729806546,-0.0017510254431125638,233
PFG,ridge,0.0008248818312302433,0.0013829814211050167,-0.006313357714968326,118
PG,ridge,0.0005077171017592793,0.0008590749079049291,0.008088086865034594,229
PGR,ridge,0.0006537398415815838,0.0009404021695454073,0.004777595827732406,223
PH,ridge,0.0011212946015656175,0.0016570900166641294,0.0032905675354909514,110
PHM,ridge,0.001306947178258906,0.0018336523115110902,-0.0011314331856788762,9
PKG,ridge,0.0012298262846550674,0.0017483894795395703,-0.0005567600805813644,112
PLD,ridge,0.0010349222634282152,0.0021596972330536054,-0.0031307987476589805,223
PLTR,ridge,0.002062446833535688,0.003414708909782892,-0.011006356035149656,233
PM,ridge,0.0007152487556266356,0.0010580999273466492,0.005525605469439143,230
PNR,ridge,0.0009288626876220028,0.0013165652000843935,-0.0073839404452387125,178
PNW,ridge,0.000855164006295949,0.0013571471751527152,-0.0068453632665193,192
PODD,ridge,0.0018391321163840017,0.0026801062937931042,-0.0030079250498902255,179
POOL,ridge,0.001838463634584247,0.0029289302160026083,-0.0017137207716380054,129
PPG,ridge,0.0008256567597517566,0.0014069917551366553,-0.019994323820875515,116
PPL,ridge,0.0008490307264221712,0.0012589272300449611,2.8695316496851753e-05,224
PRU,ridge,0.0006694997956028506,0.0010748433299018448,-0.002371470145874577,172
PSA,ridge,0.001252268108316384,0.0022576628078885136,-0.019684942198566313,144
PSX,ridge,0.000915321139282026,0.001359848655031045,-0.011391167002461566,233
PTC,ridge,0.0009739814828578629,0.001512936989802597,-0.0006928749477088658,112
PWR,ridge,0.0010295095803471007,0.001576831330695409,-0.0026382650139569197,125
PYPL,ridge,0.0011664507584128482,0.001722310636675129,-0.001952798560151514,232
QCOM,ridge,0.0008285603315995169,0.0011628455366055326,0.009013102967985187,233
RCL,ridge,0.001483781783517862,0.002050400685266896,0.0009534673898863311,214
REG,ridge,0.000658541174304731,0.0011506067902122962,-0.0045348458863077035,194
REGN,ridge,0.0013907200914575922,0.0019093080929992122,0.004209169999838447,79
RF,ridge,0.0008768487695888958,0.001514503984191325,-0.01593708949367678,231
RJF,ridge,0.0007899285187853277,0.0013470614804380855,0.0012362227646246504,167
RL,ridge,0.000810544868675982,0.0012597634100358045,-0.004158313339470254,160
RMD,ridge,0.0009603371132336519,0.0013638606113621392,-0.006489071131132507,151
ROK,ridge,0.0010941115150207,0.001505477419322267,-0.008658069683913583,137
ROL,ridge,0.0008733381141758725,0.0012817546958469527,-0.000287287648055079,198
ROP,ridge,0.0010017622098226883,0.0014277380652007784,-0.021485905438086927,75
ROST,ridge,0.000630779619859893,0.0012606892512421002,0.004831678532107753,211
RSG,ridge,0.0006250172093343731,0.000874776119841964,0.003914421226920872,187
RTX,ridge,0.0005513104396411919,0.0008136473599836275,-0.006238521715024481,232
RVTY,ridge,0.0013044541577199086,0.0020885962167991627,-0.0005786509125416117,145
SBAC,ridge,0.0010217766524236818,0.0015831693360384453,0.0030069905970629973,190
SBUX,ridge,0.000608793090834552,0.0009967187036733654,-0.006213062105405731,230
SCHW,ridge,0.0007975372343772793,0.0011583599288113445,0.004052277383792546,233
SJM,ridge,0.0009185191478295111,0.0014591067049545498,-0.0018570134441813213,155
SLB,ridge,0.0009035959911806729,0.0014983652592563854,0.0024564704079321764,233
SMCI,ridge,0.003798515102972856,0.00581142341295191,-0.009272804468679618,164
SNA,ridge,0.0012083500209852049,0.0019803452577285834,-0.012071379659657211,63
SNPS,ridge,0.0012366969644111475,0.0017411149948848598,-0.0108894225403664,153
SO,ridge,0.000792832345723812,0.0011939530270045017,-0.003512183746837483,221
SPG,ridge,0.000957676369856071,0.001761586092490344,-0.007098190200488741,171
SPGI,ridge,0.0006444798101425581,0.0009428117242142106,0.0017927006270544998,200
SRE,ridge,0.000774897021313706,0.001303174237245939,-0.0037161750956788975,214
STE,ridge,0.001348565546544276,0.0021302944218086753,0.0028646253600470573,122
STLD,ridge,0.0012002127859914932,0.001701606485013075,0.0007148789823726576,188
STT,ridge,0.0007868604341376699,0.0012911400724420475,-0.0019020057377305832,109
STX,ridge,0.0017310142658279143,0.0026759167923910273,-0.002137913783550438,233
STZ,ridge,0.0005435906196687766,0.0008391422570280187,0.005974945706667456,194
SW,ridge,0.0008897713425727217,0.0012403053186178085,-0.002144962422863328,209
SWK,ridge,0.0011392289595150424,0.0017689360498509001,-0.007693959909196968,208
SYF,ridge,0.0009293514933932816,0.0014745290532613125,-0.006093823396746245,226
SYK,ridge,0.0009217732949511665,0.0016879226545250493,-0.000420765030138881,164
SYY,ridge,0.0006678594179557677,0.0014202569280009633,0.0038227752009294402,209
T,ridge,0.0006764024650246344,0.0011269076075578744,-0.01043534638107646,233
TAP,ridge,0.0008175100509934021,0.0011557320345907491,0.00233450066610974,204
TDG,ridge,0.0015045387643451453,0.0019467114666927377,0.00823774868521876,33
TDY,ridge,0.0015186708174777651,0.00225768619058445,-0.0176529924942721,48
TECH,ridge,0.0015549680351780383,0.0023525723702432374,0.0036040730558534184,189
TER,ridge,0.0013251937368767262,0.0018872105378503093,-0.0034677848282811397,183
TFC,ridge,0.0008454430540469599,0.001559883696318972,-0.0008324012176184059,231
TGT,ridge,0.0007607021560063256,0.001186712492282883,0.00020550123264617692,228
TJX,ridge,0.0006422971901364019,0.0014429632283356306,-0.005033368046069686,229
TKO,ridge,0.001131305623254277,0.001598324349477229,0.0034804957267197123,164
TMO,ridge,0.0007558826182428995,0.001139399281313394,0.002677069540647392,164
TMUS,ridge,0.0005789591186722592,0.0009102613630047395,0.001231302748543106,228
TPL,ridge,0.01388120249762379,0.10869338380584115,-0.010182074617678838,101
TPR,ridge,0.0010760649993529806,0.0016851103317197076,-0.008239977213957861,229
TRGP,ridge,0.0007790950308480316,0.0012916537694064078,0.006234597990085189,188
TRMB,ridge,0.0013060457732398864,0.001969084744760289,0.0008144783899326491,192
TROW,ridge,0.0007740475798417947,0.001395338538092039,-0.002042994525482955,182
TRV,ridge,0.0006964983983700065,0.0010210091626193915,-0.006024190452385891,170
TSCO,ridge,0.0010603216120812873,0.0016122691275672685,0.003656031841410723,176
TSLA,ridge,0.0016681737030234446,0.002325293767689957,-0.002579547341920563,233
TT,ridge,0.0007948748345289822,0.0011162910164858014,0.0006134707225146085,181
TTD,ridge,0.001325206009485726,0.0020125212479603794,-0.0027074393750941006,217
TTWO,ridge,0.0010839393193599071,0.0015949738657661553,-0.028546804808670112,43
TXN,ridge,0.0009181395673487431,0.0014470720211766325,0.0003062874791782688,230
TXT,ridge,0.000804803785118211,0.0011795588396938707,0.00040659976123214037,155
TYL,ridge,0.0013741728502139924,0.0017830421713843395,-0.027219213975626655,41
UAL,ridge,0.0013352856954509437,0.0020023611559300547,-0.011028522790164086,230
UBER,ridge,0.0012195161638803853,0.0018347445208186032,-0.014333998962005712,233
UDR,ridge,0.0010153478541250207,0.0016376309419464986,-0.005937043652824769,198
UHS,ridge,0.001122138755168566,0.0017072858290743593,-0.00497328296026156,160
ULTA,ridge,0.001252947228631558,0.0017234912776191297,-0.006946011993197887,209
UNH,ridge,0.0007244471922062494,0.0010275962972134342,-0.003915404245055543,214
UNP,ridge,0.0007476130570781271,0.0011477592229158526,0.010863258495344308,219
UPS,ridge,0.0015599854406022071,0.002474205721436517,-0.010907442069779671,231
URI,ridge,0.0016137235341292485,0.002259483614923252,-0.0022798062470892333,83
USB,ridge,0.0007518182623450476,0.001263565542371795,0.003042435085845119,226
V,ridge,0.0006916809370567914,0.0011574660831766572,-0.0011003113481824478,232
VICI,ridge,0.0007865993350838541,0.0013212441195808858,-0.0109655360236256,232
VLO,ridge,0.0011177719930137856,0.0016847844449725295,0.004428821012901651,226
VLTO,ridge,0.0008649177358474888,0.0012614723127256397,0.004034835369035261,196
VMC,ridge,0.0009937402772505761,0.001410185538481108,0.00021222876952131653,134
VRSK,ridge,0.000710907705118214,0.001138415281198901,-0.0003247362240903495,198
VRSN,ridge,0.0008310953865685171,0.0013403618105198444,0.002616766544377258,128
VRTX,ridge,0.0009704330286916842,0.0013968114256124676,0.0006182185146070829,151
VST,ridge,0.0017440064939766014,0.002473717378853304,-0.005832663889182577,227
VTR,ridge,0.0008802750822843626,0.0015692101767091225,0.0011444368238474611,206
VTRS,ridge,0.0012800880203559003,0.002101983030516355,0.0019348650868543649,229
VZ,ridge,0.0006584569807311777,0.001306594625393248,-0.004772739499762535,233
WAB,ridge,0.0008110366715685886,0.00126290937567071,-0.013856706229126381,149
WAT,ridge,0.0010879915714217384,0.001542245672813832,0.004126754217517403,129
WBA,ridge,0.001888624374263787,0.004188710788860468,-0.0032403881444371674,231
WBD,ridge,0.0013766415662791397,0.002058425080055328,-0.0019666593436291624,232
WDAY,ridge,0.000907183752096073,0.0012675502371409207,-0.0006782985334594649,219
WDC,ridge,0.0017894165908204215,0.002528838385509652,-0.0015222860774835034,233
WFC,ridge,0.0007095446653809517,0.0010204951995061579,0.004095122355117553,233
WM,ridge,0.0005341868426719654,0.0008686954012705738,0.006935089583959164,215
WMB,ridge,0.0006708525992558044,0.001001235199527178,0.0028210433023698744,232
WMT,ridge,0.00056049290843622,0.0008516222459030552,-0.003597810764030651,233
WRB,ridge,0.0007559605326920893,0.0012633330955703057,-0.0030797490235472402,195
WSM,ridge,0.0015597746712667211,0.0025301483608143045,0.002621152262007098,182
WST,ridge,0.0014657687783216568,0.0021137285984916053,-0.0189668454843801,56
WTW,ridge,0.0006613127300603345,0.0010144185058101544,0.00031302116537668123,153
WY,ridge,0.0007929956151880999,0.0012083844345907398,0.0026012875834224847,221
WYNN,ridge,0.000991939149488022,0.0013942056702456972,-0.005444888992364838,147
XEL,ridge,0.0008830016779655468,0.0016609969489881408,-6.808293441684654e-05,229
XOM,ridge,0.0006070892290194345,0.0009700611559709911,0.008609912239992745,233
XYL,ridge,0.0006959774649449265,0.0011267903437443333,0.007877418454491636,166
XYZ,ridge,0.001844810672496901,0.0027948747044768607,0.0007764562130354591,226
ZBRA,ridge,0.001959376403062707,0.0034341920844036256,-0.0012724532141386025,92
ZTS,ridge,0.0013212588282594585,0.0020640443576512603,0.004591739985404408,229
