symbol,rows,coverage_pct,open_pct,high_pct,low_pct,close_pct,volume_pct,vwap_pct,trade_count_pct
FICO,4789,0.24364061864061864,0.0,0.0,0.0,0.0,0.0,1.0,1.0
AZO,4935,0.25106837606837606,0.0,0.0,0.0,0.0,0.0,1.0,1.0
MTD,4967,0.2526963776963777,0.0,0.0,0.0,0.0,0.0,1.0,1.0
NVR,5430,0.27625152625152627,0.0,0.0,0.0,0.0,0.0,1.0,1.0
TYL,5569,0.2833231583231583,0.0,0.0,0.0,0.0,0.0,1.0,1.0
NDSN,5784,0.29426129426129427,0.0,0.0,0.0,0.0,0.0,1.0,1.0
BKNG,5802,0.2951770451770452,0.0,0.0,0.0,0.0,0.0,1.0,1.0
ERIE,5847,0.29746642246642246,0.0,0.0,0.0,0.0,0.0,1.0,1.0
GWW,5852,0.29772079772079774,0.0,0.0,0.0,0.0,0.0,1.0,1.0
TPL,5861,0.2981786731786732,0.0,0.0,0.0,0.0,0.0,1.0,1.0
TDY,6057,0.30815018315018317,0.0,0.0,0.0,0.0,0.0,1.0,1.0
FDS,6176,0.3142043142043142,0.0,0.0,0.0,0.0,0.0,1.0,1.0
TDG,6593,0.3354192104192104,0.0,0.0,0.0,0.0,0.0,1.0,1.0
LII,7280,0.37037037037037035,0.0,0.0,0.0,0.0,0.0,1.0,1.0
EG,7419,0.37744200244200243,0.0,0.0,0.0,0.0,0.0,1.0,1.0
HII,7694,0.39143264143264145,0.0,0.0,0.0,0.0,0.0,1.0,1.0
SNA,7772,0.3954008954008954,0.0,0.0,0.0,0.0,0.0,1.0,1.0
IT,7816,0.39763939763939765,0.0,0.0,0.0,0.0,0.0,1.0,1.0
ESS,8150,0.4146316646316646,0.0,0.0,0.0,0.0,0.0,1.0,1.0
ORLY,8262,0.42032967032967034,0.0,0.0,0.0,0.0,0.0,1.0,1.0
ZBRA,8565,0.43574481074481075,0.0,0.0,0.0,0.0,0.0,1.0,1.0
AIZ,8862,0.45085470085470086,0.0,0.0,0.0,0.0,0.0,1.0,1.0
AMP,8903,0.45294057794057796,0.0,0.0,0.0,0.0,0.0,1.0,1.0
BLK,9075,0.4616910866910867,0.0,0.0,0.0,0.0,0.0,1.0,1.0
ROP,9265,0.4713573463573464,0.0,0.0,0.0,0.0,0.0,1.0,1.0
CTAS,9275,0.4718660968660969,0.0,0.0,0.0,0.0,0.0,1.0,1.0
CMG,9345,0.4754273504273504,0.0,0.0,0.0,0.0,0.0,0.0,0.0
AXON,9364,0.4763939763939764,0.0,0.0,0.0,0.0,0.0,1.0,1.0
BR,9506,0.48361823361823364,0.0,0.0,0.0,0.0,0.0,1.0,1.0
NWS,9617,0.48926536426536427,0.0,0.0,0.0,0.0,0.0,1.0,1.0
L,9652,0.49104599104599106,0.0,0.0,0.0,0.0,0.0,1.0,1.0
MPWR,9674,0.49216524216524216,0.0,0.0,0.0,0.0,0.0,1.0,1.0
MKTX,9737,0.49537037037037035,0.0,0.0,0.0,0.0,0.0,1.0,1.0
POOL,9825,0.49984737484737485,0.0,0.0,0.0,0.0,0.0,1.0,1.0
IEX,9835,0.5003561253561254,0.0,0.0,0.0,0.0,0.0,1.0,1.0
WAT,9889,0.5031033781033781,0.0,0.0,0.0,0.0,0.0,1.0,1.0
MLM,10040,0.5107855107855108,0.0,0.0,0.0,0.0,0.0,1.0,1.0
JKHY,10069,0.5122608872608873,0.0,0.0,0.0,0.0,0.0,1.0,1.0
CINF,10089,0.5132783882783882,0.0,0.0,0.0,0.0,0.0,1.0,1.0
MOH,10165,0.5171448921448921,0.0,0.0,0.0,0.0,0.0,1.0,1.0
WST,10271,0.5225376475376475,0.0,0.0,0.0,0.0,0.0,1.0,1.0
URI,10302,0.5241147741147741,0.0,0.0,0.0,0.0,0.0,1.0,1.0
REGN,10419,0.5300671550671551,0.0,0.0,0.0,0.0,0.0,1.0,1.0
MSCI,10461,0.5322039072039072,0.0,0.0,0.0,0.0,0.0,1.0,1.0
HUBB,10474,0.5328652828652829,0.0,0.0,0.0,0.0,0.0,1.0,1.0
FFIV,10675,0.5430911680911681,0.0,0.0,0.0,0.0,0.0,1.0,1.0
IDXX,10967,0.5579466829466829,0.0,0.0,0.0,0.0,0.0,1.0,1.0
CPAY,10975,0.5583536833536834,0.0,0.0,0.0,0.0,0.0,1.0,1.0
EQIX,10977,0.5584554334554335,0.0,0.0,0.0,0.0,0.0,1.0,1.0
AVY,11047,0.562016687016687,0.0,0.0,0.0,0.0,0.0,1.0,1.0
DECK,11120,0.5657305657305657,0.0,0.0,0.0,0.0,0.0,0.0,0.0
WTW,11133,0.5663919413919414,0.0,0.0,0.0,0.0,0.0,1.0,1.0
MSI,11217,0.5706654456654456,0.0,0.0,0.0,0.0,0.0,1.0,1.0
PKG,11249,0.5722934472934473,0.0,0.0,0.0,0.0,0.0,1.0,1.0
STE,11431,0.5815527065527065,0.0,0.0,0.0,0.0,0.0,1.0,1.0
EPAM,11591,0.5896927146927147,0.0,0.0,0.0,0.0,0.0,1.0,1.0
PSA,11678,0.5941188441188441,0.0,0.0,0.0,0.0,0.0,1.0,1.0
PH,11732,0.5968660968660968,0.0,0.0,0.0,0.0,0.0,1.0,1.0
FRT,11790,0.5998168498168498,0.0,0.0,0.0,0.0,0.0,1.0,1.0
DPZ,11816,0.6011396011396012,0.0,0.0,0.0,0.0,0.0,1.0,1.0
MCO,11852,0.602971102971103,0.0,0.0,0.0,0.0,0.0,1.0,1.0
AVB,11892,0.605006105006105,0.0,0.0,0.0,0.0,0.0,1.0,1.0
KLAC,11898,0.6053113553113553,0.0,0.0,0.0,0.0,0.0,1.0,1.0
CRL,11970,0.6089743589743589,0.0,0.0,0.0,0.0,0.0,1.0,1.0
FOX,12111,0.6161477411477412,0.0,0.0,0.0,0.0,0.0,1.0,1.0
SOLV,12173,0.6193019943019943,0.0,0.0,0.0,0.0,0.0,0.0,0.0
AAPL,12193,0.6203194953194954,0.0,0.0,0.0,0.0,0.0,0.0,0.0
GRMN,12210,0.6211843711843712,0.0,0.0,0.0,0.0,0.0,1.0,1.0
VRSK,12212,0.6212861212861213,0.0,0.0,0.0,0.0,0.0,1.0,1.0
J,12228,0.6221001221001221,0.0,0.0,0.0,0.0,0.0,1.0,1.0
TSLA,12332,0.6273911273911273,0.0,0.0,0.0,0.0,0.0,0.0,0.0
AMZN,12342,0.6278998778998779,0.0,0.0,0.0,0.0,0.0,0.0,0.0
INTC,12342,0.6278998778998779,0.0,0.0,0.0,0.0,0.0,0.0,0.0
NVDA,12441,0.6329365079365079,0.0,0.0,0.0,0.0,0.0,0.0,0.0
AMD,12446,0.6331908831908832,0.0,0.0,0.0,0.0,0.0,0.0,0.0
BAC,12471,0.6344627594627594,0.0,0.0,0.0,0.0,0.0,0.0,0.0
ATO,12473,0.6345645095645096,0.0,0.0,0.0,0.0,0.0,1.0,1.0
NOC,12590,0.6405168905168905,0.0,0.0,0.0,0.0,0.0,1.0,1.0
GOOGL,12593,0.6406695156695157,0.0,0.0,0.0,0.0,0.0,0.0,0.0
PLTR,12599,0.640974765974766,0.0,0.0,0.0,0.0,0.0,0.0,0.0
MAA,12619,0.641992266992267,0.0,0.0,0.0,0.0,0.0,1.0,1.0
MCK,12665,0.6443325193325193,0.0,0.0,0.0,0.0,0.0,1.0,1.0
DVA,12684,0.6452991452991453,0.0,0.0,0.0,0.0,0.0,1.0,1.0
PFE,12693,0.6457570207570208,0.0,0.0,0.0,0.0,0.0,0.0,0.0
PAYC,12718,0.647028897028897,0.0,0.0,0.0,0.0,0.0,1.0,1.0
UBER,12729,0.6475885225885226,0.0,0.0,0.0,0.0,0.0,0.0,0.0
VRSN,12746,0.6484533984533984,0.0,0.0,0.0,0.0,0.0,1.0,1.0
CMCSA,12825,0.6524725274725275,0.0,0.0,0.0,0.0,0.0,0.0,0.0
LH,12910,0.6567969067969068,0.0,0.0,0.0,0.0,0.0,1.0,1.0
GL,12924,0.6575091575091575,0.0,0.0,0.0,0.0,0.0,0.0,0.0
LMT,12940,0.6583231583231584,0.0,0.0,0.0,0.0,0.0,1.0,1.0
WFC,12943,0.6584757834757835,0.0,0.0,0.0,0.0,0.0,0.0,0.0
CSCO,13007,0.6617317867317868,0.0,0.0,0.0,0.0,0.0,0.0,0.0
MU,13075,0.6651912901912902,0.0,0.0,0.0,0.0,0.0,0.0,0.0
ALLE,13267,0.6749592999592999,0.0,0.0,0.0,0.0,0.0,1.0,1.0
CMI,13267,0.6749592999592999,0.0,0.0,0.0,0.0,0.0,0.0,0.0
CCL,13291,0.6761803011803011,0.0,0.0,0.0,0.0,0.0,0.0,0.0
SLB,13316,0.6774521774521775,0.0,0.0,0.0,0.0,0.0,0.0,0.0
FCX,13320,0.6776556776556777,0.0,0.0,0.0,0.0,0.0,0.0,0.0
GEV,13320,0.6776556776556777,0.0,0.0,0.0,0.0,0.0,0.0,0.0
VZ,13354,0.6793854293854293,0.0,0.0,0.0,0.0,0.0,0.0,0.0
XOM,13366,0.67999592999593,0.0,0.0,0.0,0.0,0.0,0.0,0.0
MHK,13385,0.680962555962556,0.0,0.0,0.0,0.0,0.0,1.0,1.0
AJG,13438,0.6836589336589337,0.0,0.0,0.0,0.0,0.0,1.0,1.0
QCOM,13440,0.6837606837606838,0.0,0.0,0.0,0.0,0.0,0.0,0.0
GM,13446,0.6840659340659341,0.0,0.0,0.0,0.0,0.0,0.0,0.0
CDW,13485,0.686050061050061,0.0,0.0,0.0,0.0,0.0,1.0,1.0
BMY,13524,0.688034188034188,0.0,0.0,0.0,0.0,0.0,0.0,0.0
KO,13527,0.6881868131868132,0.0,0.0,0.0,0.0,0.0,0.0,0.0
C,13548,0.6892551892551892,0.0,0.0,0.0,0.0,0.0,0.0,0.0
LRCX,13549,0.6893060643060643,0.0,0.0,0.0,0.0,0.0,0.0,0.0
T,13569,0.6903235653235653,0.0,0.0,0.0,0.0,0.0,0.0,0.0
UHS,13628,0.6933251933251934,0.0,0.0,0.0,0.0,0.0,1.0,1.0
WMT,13656,0.6947496947496947,0.0,0.0,0.0,0.0,0.0,0.0,0.0
PFG,13665,0.6952075702075702,0.0,0.0,0.0,0.0,0.0,1.0,1.0
MSFT,13697,0.6968355718355719,0.0,0.0,0.0,0.0,0.0,0.0,0.0
DOV,13710,0.6974969474969475,0.0,0.0,0.0,0.0,0.0,1.0,1.0
NEE,13838,0.704008954008954,0.0,0.0,0.0,0.0,0.0,0.0,0.0
NKE,13840,0.7041107041107041,0.0,0.0,0.0,0.0,0.0,0.0,0.0
PODD,13840,0.7041107041107041,0.0,0.0,0.0,0.0,0.0,1.0,1.0
HAL,13856,0.7049247049247049,0.0,0.0,0.0,0.0,0.0,0.0,0.0
LDOS,13861,0.7051790801790802,0.0,0.0,0.0,0.0,0.0,1.0,1.0
GOOG,13862,0.7052299552299552,0.0,0.0,0.0,0.0,0.0,0.0,0.0
F,13882,0.7062474562474562,0.0,0.0,0.0,0.0,0.0,0.0,0.0
DGX,13883,0.7062983312983313,0.0,0.0,0.0,0.0,0.0,1.0,1.0
CVS,13893,0.7068070818070818,0.0,0.0,0.0,0.0,0.0,0.0,0.0
TKO,13926,0.7084859584859585,0.0,0.0,0.0,0.0,0.0,1.0,1.0
CPT,13927,0.7085368335368335,0.0,0.0,0.0,0.0,0.0,1.0,1.0
VMC,13939,0.7091473341473341,0.0,0.0,0.0,0.0,0.0,1.0,1.0
CSX,13994,0.7119454619454619,0.0,0.0,0.0,0.0,0.0,0.0,0.0
PWR,13996,0.712047212047212,0.0,0.0,0.0,0.0,0.0,1.0,1.0
ALGN,14007,0.7126068376068376,0.0,0.0,0.0,0.0,0.0,1.0,1.0
META,14012,0.7128612128612128,0.0,0.0,0.0,0.0,0.0,0.0,0.0
SNPS,14022,0.7133699633699634,0.0,0.0,0.0,0.0,0.0,1.0,1.0
AOS,14034,0.713980463980464,0.0,0.0,0.0,0.0,0.0,1.0,1.0
LHX,14062,0.7154049654049655,0.0,0.0,0.0,0.0,0.0,1.0,1.0
PYPL,14065,0.7155575905575906,0.0,0.0,0.0,0.0,0.0,0.0,0.0
KVUE,14081,0.7163715913715913,0.0,0.0,0.0,0.0,0.0,0.0,0.0
HPE,14089,0.7167785917785918,0.0,0.0,0.0,0.0,0.0,0.0,0.0
CBOE,14092,0.716931216931217,0.0,0.0,0.0,0.0,0.0,1.0,1.0
GPC,14163,0.7205433455433455,0.0,0.0,0.0,0.0,0.0,1.0,1.0
PTC,14170,0.7208994708994709,0.0,0.0,0.0,0.0,0.0,1.0,1.0
DIS,14180,0.7214082214082214,0.0,0.0,0.0,0.0,0.0,0.0,0.0
WBD,14245,0.7247150997150997,0.0,0.0,0.0,0.0,0.0,0.0,0.0
NOW,14260,0.7254782254782255,0.0,0.0,0.0,0.0,0.0,1.0,1.0
MTB,14329,0.728988603988604,0.0,0.0,0.0,0.0,0.0,1.0,1.0
VRTX,14372,0.7311762311762312,0.0,0.0,0.0,0.0,0.0,1.0,1.0
GD,14389,0.732041107041107,0.0,0.0,0.0,0.0,0.0,1.0,1.0
NCLH,14398,0.7324989824989825,0.0,0.0,0.0,0.0,0.0,0.0,0.0
SCHW,14404,0.7328042328042328,0.0,0.0,0.0,0.0,0.0,0.0,0.0
COO,14429,0.7340761090761091,0.0,0.0,0.0,0.0,0.0,1.0,1.0
ECL,14453,0.7352971102971103,0.0,0.0,0.0,0.0,0.0,1.0,1.0
SBUX,14473,0.7363146113146113,0.0,0.0,0.0,0.0,0.0,0.0,0.0
RMD,14484,0.7368742368742369,0.0,0.0,0.0,0.0,0.0,1.0,1.0
MRK,14494,0.7373829873829874,0.0,0.0,0.0,0.0,0.0,0.0,0.0
RVTY,14509,0.7381461131461131,0.0,0.0,0.0,0.0,0.0,1.0,1.0
SPGI,14521,0.7387566137566137,0.0,0.0,0.0,0.0,0.0,1.0,1.0
ROK,14524,0.7389092389092389,0.0,0.0,0.0,0.0,0.0,1.0,1.0
PNW,14529,0.7391636141636142,0.0,0.0,0.0,0.0,0.0,1.0,1.0
EMN,14540,0.7397232397232397,0.0,0.0,0.0,0.0,0.0,1.0,1.0
TXT,14546,0.74002849002849,0.0,0.0,0.0,0.0,0.0,1.0,1.0
WBA,14569,0.7411986161986162,0.0,0.0,0.0,0.0,0.0,0.0,0.0
PRU,14583,0.7419108669108669,0.0,0.0,0.0,0.0,0.0,1.0,1.0
RSG,14593,0.7424196174196174,0.0,0.0,0.0,0.0,0.0,1.0,1.0
ELV,14598,0.7426739926739927,0.0,0.0,0.0,0.0,0.0,0.0,0.0
ARE,14638,0.7447089947089947,0.0,0.0,0.0,0.0,0.0,1.0,1.0
RL,14645,0.74506512006512,0.0,0.0,0.0,0.0,0.0,1.0,1.0
WAB,14673,0.7464896214896215,0.0,0.0,0.0,0.0,0.0,1.0,1.0
EFX,14740,0.7498982498982499,0.0,0.0,0.0,0.0,0.0,1.0,1.0
COST,14743,0.7500508750508751,0.0,0.0,0.0,0.0,0.0,1.0,1.0
NEM,14757,0.7507631257631258,0.0,0.0,0.0,0.0,0.0,0.0,0.0
GDDY,14781,0.751984126984127,0.0,0.0,0.0,0.0,0.0,1.0,1.0
AVGO,14833,0.7546296296296297,0.0,0.0,0.0,0.0,0.0,0.0,0.0
MS,14835,0.7547313797313797,0.0,0.0,0.0,0.0,0.0,0.0,0.0
EXR,14836,0.7547822547822548,0.0,0.0,0.0,0.0,0.0,1.0,1.0
AON,14838,0.7548840048840049,0.0,0.0,0.0,0.0,0.0,1.0,1.0
ITW,14841,0.75503663003663,0.0,0.0,0.0,0.0,0.0,1.0,1.0
DTE,14850,0.7554945054945055,0.0,0.0,0.0,0.0,0.0,1.0,1.0
HPQ,14894,0.7577330077330078,0.0,0.0,0.0,0.0,0.0,0.0,0.0
TRV,14935,0.7598188848188848,0.0,0.0,0.0,0.0,0.0,1.0,1.0
DAL,14938,0.75997150997151,0.0,0.0,0.0,0.0,0.0,0.0,0.0
RJF,14949,0.7605311355311355,0.0,0.0,0.0,0.0,0.0,1.0,1.0
SPG,14972,0.7617012617012617,0.0,0.0,0.0,0.0,0.0,1.0,1.0
KHC,14975,0.7618538868538869,0.0,0.0,0.0,0.0,0.0,0.0,0.0
ULTA,14988,0.7625152625152625,0.0,0.0,0.0,0.0,0.0,1.0,1.0
XYZ,14991,0.7626678876678876,0.0,0.0,0.0,0.0,0.0,0.0,0.0
WEC,15004,0.7633292633292633,0.0,0.0,0.0,0.0,0.0,1.0,1.0
DELL,15008,0.7635327635327636,0.0,0.0,0.0,0.0,0.0,0.0,0.0
JBHT,15012,0.7637362637362637,0.0,0.0,0.0,0.0,0.0,1.0,1.0
LKQ,15026,0.7644485144485145,0.0,0.0,0.0,0.0,0.0,1.0,1.0
BRO,15045,0.7654151404151404,0.0,0.0,0.0,0.0,0.0,1.0,1.0
AMGN,15073,0.7668396418396418,0.0,0.0,0.0,0.0,0.0,1.0,1.0
OTIS,15073,0.7668396418396418,0.0,0.0,0.0,0.0,0.0,1.0,1.0
LUV,15080,0.7671957671957672,0.0,0.0,0.0,0.0,0.0,0.0,0.0
AME,15090,0.7677045177045178,0.0,0.0,0.0,0.0,0.0,1.0,1.0
IRM,15099,0.7681623931623932,0.0,0.0,0.0,0.0,0.0,1.0,1.0
GPN,15101,0.7682641432641433,0.0,0.0,0.0,0.0,0.0,1.0,1.0
TRMB,15102,0.7683150183150184,0.0,0.0,0.0,0.0,0.0,1.0,1.0
WYNN,15110,0.7687220187220187,0.0,0.0,0.0,0.0,0.0,1.0,1.0
MNST,15118,0.7691290191290191,0.0,0.0,0.0,0.0,0.0,0.0,0.0
ISRG,15130,0.7697395197395197,0.0,0.0,0.0,0.0,0.0,1.0,1.0
CSGP,15134,0.76994301994302,0.0,0.0,0.0,0.0,0.0,1.0,1.0
WELL,15142,0.7703500203500203,0.0,0.0,0.0,0.0,0.0,1.0,1.0
REG,15145,0.7705026455026455,0.0,0.0,0.0,0.0,0.0,1.0,1.0
WSM,15145,0.7705026455026455,0.0,0.0,0.0,0.0,0.0,1.0,1.0
APD,15166,0.7715710215710215,0.0,0.0,0.0,0.0,0.0,1.0,1.0
BXP,15176,0.7720797720797721,0.0,0.0,0.0,0.0,0.0,1.0,1.0
EQT,15189,0.7727411477411478,0.0,0.0,0.0,0.0,0.0,0.0,0.0
SJM,15199,0.7732498982498982,0.0,0.0,0.0,0.0,0.0,1.0,1.0
CRM,15205,0.7735551485551485,0.0,0.0,0.0,0.0,0.0,0.0,0.0
KDP,15235,0.7750814000814,0.0,0.0,0.0,0.0,0.0,0.0,0.0
ORCL,15245,0.7755901505901506,0.0,0.0,0.0,0.0,0.0,0.0,0.0
AWK,15249,0.7757936507936508,0.0,0.0,0.0,0.0,0.0,1.0,1.0
LEN,15261,0.7764041514041514,0.0,0.0,0.0,0.0,0.0,1.0,1.0
YUM,15284,0.7775742775742776,0.0,0.0,0.0,0.0,0.0,1.0,1.0
CCI,15285,0.7776251526251526,0.0,0.0,0.0,0.0,0.0,1.0,1.0
SBAC,15294,0.7780830280830281,0.0,0.0,0.0,0.0,0.0,0.0,0.0
CME,15298,0.7782865282865283,0.0,0.0,0.0,0.0,0.0,1.0,1.0
INTU,15308,0.7787952787952788,0.0,0.0,0.0,0.0,0.0,1.0,1.0
KEY,15312,0.778998778998779,0.0,0.0,0.0,0.0,0.0,0.0,0.0
GNRC,15338,0.7803215303215303,0.0,0.0,0.0,0.0,0.0,1.0,1.0
HSY,15347,0.7807794057794057,0.0,0.0,0.0,0.0,0.0,1.0,1.0
MDLZ,15359,0.7813899063899064,0.0,0.0,0.0,0.0,0.0,0.0,0.0
GS,15363,0.7815934065934066,0.0,0.0,0.0,0.0,0.0,1.0,1.0
BIIB,15364,0.7816442816442817,0.0,0.0,0.0,0.0,0.0,1.0,1.0
SWKS,15373,0.7821021571021571,0.0,0.0,0.0,0.0,0.0,1.0,1.0
USB,15406,0.7837810337810338,0.0,0.0,0.0,0.0,0.0,0.0,0.0
OXY,15420,0.7844932844932845,0.0,0.0,0.0,0.0,0.0,0.0,0.0
BKR,15422,0.7845950345950345,0.0,0.0,0.0,0.0,0.0,0.0,0.0
KMB,15427,0.7848494098494099,0.0,0.0,0.0,0.0,0.0,1.0,1.0
AES,15437,0.7853581603581603,0.0,0.0,0.0,0.0,0.0,0.0,0.0
TFC,15438,0.7854090354090354,0.0,0.0,0.0,0.0,0.0,0.0,0.0
MO,15439,0.7854599104599105,0.0,0.0,0.0,0.0,0.0,0.0,0.0
GILD,15441,0.7855616605616605,0.0,0.0,0.0,0.0,0.0,0.0,0.0
EXPD,15447,0.7858669108669109,0.0,0.0,0.0,0.0,0.0,1.0,1.0
INCY,15453,0.7861721611721612,0.0,0.0,0.0,0.0,0.0,1.0,1.0
FDX,15477,0.7873931623931624,0.0,0.0,0.0,0.0,0.0,1.0,1.0
KEYS,15479,0.7874949124949125,0.0,0.0,0.0,0.0,0.0,1.0,1.0
SYK,15479,0.7874949124949125,0.0,0.0,0.0,0.0,0.0,1.0,1.0
KMI,15480,0.7875457875457875,0.0,0.0,0.0,0.0,0.0,0.0,0.0
CLX,15488,0.787952787952788,0.0,0.0,0.0,0.0,0.0,1.0,1.0
XYL,15491,0.7881054131054132,0.0,0.0,0.0,0.0,0.0,1.0,1.0
TECH,15504,0.7887667887667887,0.0,0.0,0.0,0.0,0.0,1.0,1.0
V,15505,0.7888176638176638,0.0,0.0,0.0,0.0,0.0,0.0,0.0
NWSA,15528,0.78998778998779,0.0,0.0,0.0,0.0,0.0,1.0,1.0
BSX,15536,0.7903947903947904,0.0,0.0,0.0,0.0,0.0,0.0,0.0
ZBH,15537,0.7904456654456654,0.0,0.0,0.0,0.0,0.0,1.0,1.0
BLDR,15538,0.7904965404965405,0.0,0.0,0.0,0.0,0.0,1.0,1.0
LNT,15541,0.7906491656491657,0.0,0.0,0.0,0.0,0.0,1.0,1.0
BALL,15549,0.791056166056166,0.0,0.0,0.0,0.0,0.0,1.0,1.0
IQV,15557,0.7914631664631665,0.0,0.0,0.0,0.0,0.0,1.0,1.0
DVN,15573,0.7922771672771672,0.0,0.0,0.0,0.0,0.0,0.0,0.0
ROL,15584,0.7928367928367929,0.0,0.0,0.0,0.0,0.0,1.0,1.0
TROW,15586,0.7929385429385429,0.0,0.0,0.0,0.0,0.0,1.0,1.0
BRK.B,15587,0.792989417989418,0.0,0.0,0.0,0.0,0.0,1.0,1.0
HSIC,15591,0.7931929181929182,0.0,0.0,0.0,0.0,0.0,1.0,1.0
WRB,15620,0.7946682946682947,0.0,0.0,0.0,0.0,0.0,1.0,1.0
UAL,15621,0.7947191697191697,0.0,0.0,0.0,0.0,0.0,0.0,0.0
TSCO,15622,0.7947700447700448,0.0,0.0,0.0,0.0,0.0,1.0,1.0
STZ,15626,0.794973544973545,0.0,0.0,0.0,0.0,0.0,1.0,1.0
ADP,15628,0.7950752950752951,0.0,0.0,0.0,0.0,0.0,1.0,1.0
TAP,15631,0.7952279202279202,0.0,0.0,0.0,0.0,0.0,1.0,1.0
FANG,15637,0.7955331705331705,0.0,0.0,0.0,0.0,0.0,1.0,1.0
EBAY,15654,0.7963980463980463,0.0,0.0,0.0,0.0,0.0,0.0,0.0
PNC,15656,0.7964997964997965,0.0,0.0,0.0,0.0,0.0,1.0,1.0
CHD,15668,0.7971102971102971,0.0,0.0,0.0,0.0,0.0,1.0,1.0
ACGL,15672,0.7973137973137974,0.0,0.0,0.0,0.0,0.0,1.0,1.0
NTRS,15675,0.7974664224664225,0.0,0.0,0.0,0.0,0.0,1.0,1.0
WDC,15685,0.797975172975173,0.0,0.0,0.0,0.0,0.0,0.0,0.0
DLR,15692,0.7983312983312983,0.0,0.0,0.0,0.0,0.0,1.0,1.0
BF.B,15695,0.7984839234839235,0.0,0.0,0.0,0.0,0.0,1.0,1.0
EIX,15698,0.7986365486365486,0.0,0.0,0.0,0.0,0.0,1.0,1.0
CI,15714,0.7994505494505495,0.0,0.0,0.0,0.0,0.0,1.0,1.0
AEE,15715,0.7995014245014245,0.0,0.0,0.0,0.0,0.0,1.0,1.0
EVRG,15717,0.7996031746031746,0.0,0.0,0.0,0.0,0.0,1.0,1.0
TT,15721,0.7998066748066748,0.0,0.0,0.0,0.0,0.0,1.0,1.0
JPM,15727,0.8001119251119251,0.0,0.0,0.0,0.0,0.0,0.0,0.0
ED,15733,0.8004171754171754,0.0,0.0,0.0,0.0,0.0,1.0,1.0
IFF,15739,0.8007224257224257,0.0,0.0,0.0,0.0,0.0,1.0,1.0
PCG,15745,0.801027676027676,0.0,0.0,0.0,0.0,0.0,0.0,0.0
CVX,15763,0.8019434269434269,0.0,0.0,0.0,0.0,0.0,0.0,0.0
CAH,15766,0.8020960520960521,0.0,0.0,0.0,0.0,0.0,1.0,1.0
SW,15770,0.8022995522995523,0.0,0.0,0.0,0.0,0.0,0.0,0.0
CF,15800,0.8038258038258038,0.0,0.0,0.0,0.0,0.0,1.0,1.0
PHM,15811,0.8043854293854293,0.0,0.0,0.0,0.0,0.0,1.0,1.0
VLTO,15819,0.8047924297924298,0.0,0.0,0.0,0.0,0.0,1.0,1.0
MDT,15832,0.8054538054538054,0.0,0.0,0.0,0.0,0.0,0.0,0.0
PNR,15833,0.8055046805046805,0.0,0.0,0.0,0.0,0.0,1.0,1.0
TEL,15843,0.806013431013431,0.0,0.0,0.0,0.0,0.0,1.0,1.0
DAY,15861,0.806929181929182,0.0,0.0,0.0,0.0,0.0,1.0,1.0
ADSK,15873,0.8075396825396826,0.0,0.0,0.0,0.0,0.0,1.0,1.0
DE,15879,0.8078449328449329,0.0,0.0,0.0,0.0,0.0,1.0,1.0
TRGP,15879,0.8078449328449329,0.0,0.0,0.0,0.0,0.0,1.0,1.0
VST,15890,0.8084045584045584,0.0,0.0,0.0,0.0,0.0,0.0,0.0
SMCI,15899,0.8088624338624338,0.0,0.0,0.0,0.0,0.0,0.0,0.0
JBL,15901,0.808964183964184,0.0,0.0,0.0,0.0,0.0,1.0,1.0
WMB,15912,0.8095238095238095,0.0,0.0,0.0,0.0,0.0,0.0,0.0
TSN,15932,0.8105413105413105,0.0,0.0,0.0,0.0,0.0,1.0,1.0
BA,15941,0.810999185999186,0.0,0.0,0.0,0.0,0.0,0.0,0.0
CB,15945,0.8112026862026862,0.0,0.0,0.0,0.0,0.0,1.0,1.0
APA,15957,0.8118131868131868,0.0,0.0,0.0,0.0,0.0,0.0,0.0
EA,15968,0.8123728123728123,0.0,0.0,0.0,0.0,0.0,1.0,1.0
ON,15987,0.8133394383394383,0.0,0.0,0.0,0.0,0.0,0.0,0.0
SWK,16001,0.814051689051689,0.0,0.0,0.0,0.0,0.0,1.0,1.0
MCHP,16004,0.8142043142043142,0.0,0.0,0.0,0.0,0.0,0.0,0.0
LIN,16009,0.8144586894586895,0.0,0.0,0.0,0.0,0.0,1.0,1.0
TMO,16015,0.8147639397639398,0.0,0.0,0.0,0.0,0.0,1.0,1.0
LYB,16026,0.8153235653235653,0.0,0.0,0.0,0.0,0.0,1.0,1.0
MKC,16049,0.8164936914936914,0.0,0.0,0.0,0.0,0.0,1.0,1.0
TER,16051,0.8165954415954416,0.0,0.0,0.0,0.0,0.0,1.0,1.0
RF,16053,0.8166971916971917,0.0,0.0,0.0,0.0,0.0,0.0,0.0
HCA,16056,0.8168498168498168,0.0,0.0,0.0,0.0,0.0,1.0,1.0
AKAM,16061,0.817104192104192,0.0,0.0,0.0,0.0,0.0,1.0,1.0
NUE,16079,0.8180199430199431,0.0,0.0,0.0,0.0,0.0,1.0,1.0
MAR,16082,0.8181725681725682,0.0,0.0,0.0,0.0,0.0,1.0,1.0
STT,16082,0.8181725681725682,0.0,0.0,0.0,0.0,0.0,1.0,1.0
STLD,16086,0.8183760683760684,0.0,0.0,0.0,0.0,0.0,1.0,1.0
ODFL,16088,0.8184778184778185,0.0,0.0,0.0,0.0,0.0,0.0,0.0
CHRW,16094,0.8187830687830688,0.0,0.0,0.0,0.0,0.0,1.0,1.0
BDX,16098,0.818986568986569,0.0,0.0,0.0,0.0,0.0,1.0,1.0
PPG,16100,0.8190883190883191,0.0,0.0,0.0,0.0,0.0,1.0,1.0
EXC,16102,0.8191900691900692,0.0,0.0,0.0,0.0,0.0,0.0,0.0
EQR,16106,0.8193935693935694,0.0,0.0,0.0,0.0,0.0,1.0,1.0
NSC,16111,0.8196479446479447,0.0,0.0,0.0,0.0,0.0,1.0,1.0
JNJ,16125,0.8203601953601953,0.0,0.0,0.0,0.0,0.0,0.0,0.0
AMAT,16127,0.8204619454619455,0.0,0.0,0.0,0.0,0.0,0.0,0.0
LVS,16142,0.8212250712250713,0.0,0.0,0.0,0.0,0.0,0.0,0.0
HBAN,16144,0.8213268213268213,0.0,0.0,0.0,0.0,0.0,0.0,0.0
WM,16153,0.8217846967846968,0.0,0.0,0.0,0.0,0.0,1.0,1.0
MAS,16159,0.8220899470899471,0.0,0.0,0.0,0.0,0.0,1.0,1.0
CHTR,16164,0.8223443223443223,0.0,0.0,0.0,0.0,0.0,1.0,1.0
HOLX,16164,0.8223443223443223,0.0,0.0,0.0,0.0,0.0,1.0,1.0
HLT,16192,0.8237688237688238,0.0,0.0,0.0,0.0,0.0,1.0,1.0
MMC,16195,0.8239214489214489,0.0,0.0,0.0,0.0,0.0,1.0,1.0
CBRE,16223,0.8253459503459504,0.0,0.0,0.0,0.0,0.0,1.0,1.0
ALL,16236,0.826007326007326,0.0,0.0,0.0,0.0,0.0,1.0,1.0
FTNT,16252,0.8268213268213268,0.0,0.0,0.0,0.0,0.0,0.0,0.0
TTWO,16253,0.8268722018722019,0.0,0.0,0.0,0.0,0.0,1.0,1.0
HIG,16254,0.8269230769230769,0.0,0.0,0.0,0.0,0.0,1.0,1.0
CTRA,16264,0.8274318274318274,0.0,0.0,0.0,0.0,0.0,0.0,0.0
DRI,16285,0.8285002035002035,0.0,0.0,0.0,0.0,0.0,1.0,1.0
OMC,16291,0.8288054538054538,0.0,0.0,0.0,0.0,0.0,1.0,1.0
EW,16308,0.8296703296703297,0.0,0.0,0.0,0.0,0.0,0.0,0.0
COR,16315,0.830026455026455,0.0,0.0,0.0,0.0,0.0,1.0,1.0
HAS,16344,0.8315018315018315,0.0,0.0,0.0,0.0,0.0,1.0,1.0
APH,16349,0.8317562067562068,0.0,0.0,0.0,0.0,0.0,0.0,0.0
AFL,16371,0.8328754578754579,0.0,0.0,0.0,0.0,0.0,1.0,1.0
A,16403,0.8345034595034595,0.0,0.0,0.0,0.0,0.0,1.0,1.0
GE,16424,0.8355718355718356,0.0,0.0,0.0,0.0,0.0,0.0,0.0
SHW,16465,0.8376577126577126,0.0,0.0,0.0,0.0,0.0,1.0,1.0
COP,16485,0.8386752136752137,0.0,0.0,0.0,0.0,0.0,0.0,0.0
COIN,16507,0.8397944647944648,0.0,0.0,0.0,0.0,0.0,0.0,0.0
BG,16535,0.8412189662189662,0.0,0.0,0.0,0.0,0.0,0.0,0.0
NTAP,16562,0.8425925925925926,0.0,0.0,0.0,0.0,0.0,1.0,1.0
ETR,16573,0.8431522181522182,0.0,0.0,0.0,0.0,0.0,1.0,1.0
CFG,16576,0.8433048433048433,0.0,0.0,0.0,0.0,0.0,0.0,0.0
ABT,16589,0.8439662189662189,0.0,0.0,0.0,0.0,0.0,0.0,0.0
DOW,16599,0.8444749694749695,0.0,0.0,0.0,0.0,0.0,0.0,0.0
PAYX,16611,0.8450854700854701,0.0,0.0,0.0,0.0,0.0,1.0,1.0
TXN,16675,0.8483414733414734,0.0,0.0,0.0,0.0,0.0,0.0,0.0
DDOG,16687,0.848951973951974,0.0,0.0,0.0,0.0,0.0,0.0,0.0
PG,16701,0.8496642246642246,0.0,0.0,0.0,0.0,0.0,0.0,0.0
CL,16708,0.85002035002035,0.0,0.0,0.0,0.0,0.0,0.0,0.0
FTV,16724,0.8508343508343509,0.0,0.0,0.0,0.0,0.0,0.0,0.0
PEP,16734,0.8513431013431013,0.0,0.0,0.0,0.0,0.0,0.0,0.0
HST,16769,0.8531237281237282,0.0,0.0,0.0,0.0,0.0,0.0,0.0
HUM,16781,0.8537342287342288,0.0,0.0,0.0,0.0,0.0,0.0,0.0
VICI,16791,0.8542429792429792,0.0,0.0,0.0,0.0,0.0,0.0,0.0
TMUS,16847,0.8570919820919821,0.0,0.0,0.0,0.0,0.0,0.0,0.0
KR,16869,0.8582112332112332,0.0,0.0,0.0,0.0,0.0,0.0,0.0
DD,16891,0.8593304843304843,0.0,0.0,0.0,0.0,0.0,0.0,0.0
PSX,16965,0.8630952380952381,0.0,0.0,0.0,0.0,0.0,0.0,0.0
TJX,16970,0.8633496133496134,0.0,0.0,0.0,0.0,0.0,0.0,0.0
RTX,16989,0.8643162393162394,0.0,0.0,0.0,0.0,0.0,0.0,0.0
CAG,17140,0.871998371998372,0.0,0.0,0.0,0.0,0.0,0.0,0.0
CDNS,17160,0.873015873015873,0.0,0.0,0.0,0.0,0.0,0.0,0.0
ABNB,17164,0.8732193732193733,0.0,0.0,0.0,0.0,0.0,0.0,0.0
FIS,17228,0.8764753764753764,0.0,0.0,0.0,0.0,0.0,0.0,0.0
JCI,17269,0.8785612535612536,0.0,0.0,0.0,0.0,0.0,0.0,0.0
D,17284,0.8793243793243793,0.0,0.0,0.0,0.0,0.0,0.0,0.0
LLY,17286,0.8794261294261294,0.0,0.0,0.0,0.0,0.0,0.0,0.0
FITB,17294,0.8798331298331298,0.0,0.0,0.0,0.0,0.0,0.0,0.0
PM,17312,0.8807488807488808,0.0,0.0,0.0,0.0,0.0,0.0,0.0
MTCH,17354,0.8828856328856329,0.0,0.0,0.0,0.0,0.0,0.0,0.0
MRNA,17397,0.88507326007326,0.0,0.0,0.0,0.0,0.0,0.0,0.0
GLW,17420,0.8862433862433863,0.0,0.0,0.0,0.0,0.0,0.0,0.0
DOC,17423,0.8863960113960114,0.0,0.0,0.0,0.0,0.0,0.0,0.0
APO,17442,0.8873626373626373,0.0,0.0,0.0,0.0,0.0,0.0,0.0
IP,17444,0.8874643874643875,0.0,0.0,0.0,0.0,0.0,0.0,0.0
MGM,17481,0.8893467643467643,0.0,0.0,0.0,0.0,0.0,0.0,0.0
CPRT,17492,0.8899063899063899,0.0,0.0,0.0,0.0,0.0,0.0,0.0
DXCM,17496,0.8901098901098901,0.0,0.0,0.0,0.0,0.0,0.0,0.0
CAT,17516,0.8911273911273911,0.0,0.0,0.0,0.0,0.0,0.0,0.0
DLTR,17524,0.8915343915343915,0.0,0.0,0.0,0.0,0.0,0.0,0.0
DASH,17587,0.8947395197395197,0.0,0.0,0.0,0.0,0.0,0.0,0.0
UDR,17588,0.8947903947903948,0.0,0.0,0.0,0.0,0.0,0.0,0.0
CNP,17595,0.8951465201465202,0.0,0.0,0.0,0.0,0.0,0.0,0.0
ES,17614,0.8961131461131461,0.0,0.0,0.0,0.0,0.0,0.0,0.0
MOS,17614,0.8961131461131461,0.0,0.0,0.0,0.0,0.0,0.0,0.0
ANET,17627,0.8967745217745218,0.0,0.0,0.0,0.0,0.0,0.0,0.0
ABBV,17642,0.8975376475376475,0.0,0.0,0.0,0.0,0.0,0.0,0.0
EXPE,17643,0.8975885225885226,0.0,0.0,0.0,0.0,0.0,0.0,0.0
LULU,17650,0.8979446479446479,0.0,0.0,0.0,0.0,0.0,0.0,0.0
CARR,17652,0.8980463980463981,0.0,0.0,0.0,0.0,0.0,0.0,0.0
DG,17657,0.8983007733007733,0.0,0.0,0.0,0.0,0.0,0.0,0.0
GIS,17661,0.8985042735042735,0.0,0.0,0.0,0.0,0.0,0.0,0.0
GEHC,17663,0.8986060236060236,0.0,0.0,0.0,0.0,0.0,0.0,0.0
ZTS,17664,0.8986568986568987,0.0,0.0,0.0,0.0,0.0,0.0,0.0
XEL,17666,0.8987586487586487,0.0,0.0,0.0,0.0,0.0,0.0,0.0
LW,17673,0.8991147741147741,0.0,0.0,0.0,0.0,0.0,0.0,0.0
LYV,17675,0.8992165242165242,0.0,0.0,0.0,0.0,0.0,0.0,0.0
UNH,17691,0.900030525030525,0.0,0.0,0.0,0.0,0.0,0.0,0.0
DUK,17701,0.9005392755392755,0.0,0.0,0.0,0.0,0.0,0.0,0.0
CNC,17707,0.9008445258445258,0.0,0.0,0.0,0.0,0.0,0.0,0.0
CMS,17709,0.900946275946276,0.0,0.0,0.0,0.0,0.0,0.0,0.0
EMR,17711,0.901048026048026,0.0,0.0,0.0,0.0,0.0,0.0,0.0
NRG,17712,0.9010989010989011,0.0,0.0,0.0,0.0,0.0,0.0,0.0
SYF,17712,0.9010989010989011,0.0,0.0,0.0,0.0,0.0,0.0,0.0
ADM,17713,0.9011497761497762,0.0,0.0,0.0,0.0,0.0,0.0,0.0
TTD,17720,0.9015059015059015,0.0,0.0,0.0,0.0,0.0,0.0,0.0
CZR,17721,0.9015567765567766,0.0,0.0,0.0,0.0,0.0,0.0,0.0
BAX,17726,0.9018111518111518,0.0,0.0,0.0,0.0,0.0,0.0,0.0
K,17731,0.9020655270655271,0.0,0.0,0.0,0.0,0.0,0.0,0.0
PCAR,17738,0.9024216524216524,0.0,0.0,0.0,0.0,0.0,0.0,0.0
ETN,17763,0.9036935286935287,0.0,0.0,0.0,0.0,0.0,0.0,0.0
TGT,17767,0.9038970288970289,0.0,0.0,0.0,0.0,0.0,0.0,0.0
HRL,17778,0.9044566544566545,0.0,0.0,0.0,0.0,0.0,0.0,0.0
EL,17779,0.9045075295075296,0.0,0.0,0.0,0.0,0.0,0.0,0.0
IPG,17787,0.9049145299145299,0.0,0.0,0.0,0.0,0.0,0.0,0.0
KKR,17787,0.9049145299145299,0.0,0.0,0.0,0.0,0.0,0.0,0.0
VTRS,17795,0.9053215303215303,0.0,0.0,0.0,0.0,0.0,0.0,0.0
AMT,17800,0.9055759055759056,0.0,0.0,0.0,0.0,0.0,0.0,0.0
OKE,17807,0.9059320309320309,0.0,0.0,0.0,0.0,0.0,0.0,0.0
NFLX,17812,0.9061864061864062,0.0,0.0,0.0,0.0,0.0,0.0,0.0
EXE,17816,0.9063899063899064,0.0,0.0,0.0,0.0,0.0,0.0,0.0
FSLR,17824,0.9067969067969068,0.0,0.0,0.0,0.0,0.0,0.0,0.0
O,17834,0.9073056573056573,0.0,0.0,0.0,0.0,0.0,0.0,0.0
APTV,17853,0.9082722832722833,0.0,0.0,0.0,0.0,0.0,0.0,0.0
PEG,17866,0.908933658933659,0.0,0.0,0.0,0.0,0.0,0.0,0.0
CEG,17868,0.909035409035409,0.0,0.0,0.0,0.0,0.0,0.0,0.0
BK,17890,0.9101546601546602,0.0,0.0,0.0,0.0,0.0,0.0,0.0
COF,17895,0.9104090354090354,0.0,0.0,0.0,0.0,0.0,0.0,0.0
ENPH,17899,0.9106125356125356,0.0,0.0,0.0,0.0,0.0,0.0,0.0
ROST,17908,0.9110704110704111,0.0,0.0,0.0,0.0,0.0,0.0,0.0
BX,17928,0.9120879120879121,0.0,0.0,0.0,0.0,0.0,0.0,0.0
MPC,17930,0.9121896621896622,0.0,0.0,0.0,0.0,0.0,0.0,0.0
PGR,17942,0.9128001628001629,0.0,0.0,0.0,0.0,0.0,0.0,0.0
KIM,17944,0.9129019129019129,0.0,0.0,0.0,0.0,0.0,0.0,0.0
UPS,17944,0.9129019129019129,0.0,0.0,0.0,0.0,0.0,0.0,0.0
PANW,17953,0.9133597883597884,0.0,0.0,0.0,0.0,0.0,0.0,0.0
IVZ,17956,0.9135124135124135,0.0,0.0,0.0,0.0,0.0,0.0,0.0
HON,17957,0.9135632885632886,0.0,0.0,0.0,0.0,0.0,0.0,0.0
NXPI,17974,0.9144281644281644,0.0,0.0,0.0,0.0,0.0,0.0,0.0
VTR,17981,0.9147842897842898,0.0,0.0,0.0,0.0,0.0,0.0,0.0
CTVA,17982,0.9148351648351648,0.0,0.0,0.0,0.0,0.0,0.0,0.0
RCL,17992,0.9153439153439153,0.0,0.0,0.0,0.0,0.0,0.0,0.0
NDAQ,17993,0.9153947903947904,0.0,0.0,0.0,0.0,0.0,0.0,0.0
FE,17999,0.9157000407000407,0.0,0.0,0.0,0.0,0.0,0.0,0.0
TPR,18000,0.9157509157509157,0.0,0.0,0.0,0.0,0.0,0.0,0.0
PPL,18008,0.9161579161579162,0.0,0.0,0.0,0.0,0.0,0.0,0.0
MET,18011,0.9163105413105413,0.0,0.0,0.0,0.0,0.0,0.0,0.0
MCD,18016,0.9165649165649166,0.0,0.0,0.0,0.0,0.0,0.0,0.0
AXP,18031,0.9173280423280423,0.0,0.0,0.0,0.0,0.0,0.0,0.0
DHI,18031,0.9173280423280423,0.0,0.0,0.0,0.0,0.0,0.0,0.0
AMCR,18044,0.917989417989418,0.0,0.0,0.0,0.0,0.0,0.0,0.0
IBM,18048,0.9181929181929182,0.0,0.0,0.0,0.0,0.0,0.0,0.0
FOXA,18082,0.9199226699226699,0.0,0.0,0.0,0.0,0.0,0.0,0.0
FI,18096,0.9206349206349206,0.0,0.0,0.0,0.0,0.0,0.0,0.0
ICE,18103,0.920991045991046,0.0,0.0,0.0,0.0,0.0,0.0,0.0
AEP,18119,0.9218050468050468,0.0,0.0,0.0,0.0,0.0,0.0,0.0
KMX,18130,0.9223646723646723,0.0,0.0,0.0,0.0,0.0,0.0,0.0
IR,18136,0.9226699226699226,0.0,0.0,0.0,0.0,0.0,0.0,0.0
CRWD,18138,0.9227716727716728,0.0,0.0,0.0,0.0,0.0,0.0,0.0
INVH,18139,0.9228225478225478,0.0,0.0,0.0,0.0,0.0,0.0,0.0
SO,18158,0.9237891737891738,0.0,0.0,0.0,0.0,0.0,0.0,0.0
STX,18173,0.9245522995522996,0.0,0.0,0.0,0.0,0.0,0.0,0.0
ADBE,18187,0.9252645502645502,0.0,0.0,0.0,0.0,0.0,0.0,0.0
AIG,18190,0.9254171754171754,0.0,0.0,0.0,0.0,0.0,0.0,0.0
ALB,18191,0.9254680504680505,0.0,0.0,0.0,0.0,0.0,0.0,0.0
MA,18207,0.9262820512820513,0.0,0.0,0.0,0.0,0.0,0.0,0.0
MMM,18217,0.9267908017908018,0.0,0.0,0.0,0.0,0.0,0.0,0.0
HWM,18241,0.928011803011803,0.0,0.0,0.0,0.0,0.0,0.0,0.0
CTSH,18246,0.9282661782661783,0.0,0.0,0.0,0.0,0.0,0.0,0.0
PLD,18254,0.9286731786731787,0.0,0.0,0.0,0.0,0.0,0.0,0.0
SYY,18258,0.9288766788766789,0.0,0.0,0.0,0.0,0.0,0.0,0.0
VLO,18270,0.9294871794871795,0.0,0.0,0.0,0.0,0.0,0.0,0.0
CPB,18272,0.9295889295889296,0.0,0.0,0.0,0.0,0.0,0.0,0.0
ACN,18274,0.9296906796906796,0.0,0.0,0.0,0.0,0.0,0.0,0.0
NI,18290,0.9305046805046805,0.0,0.0,0.0,0.0,0.0,0.0,0.0
WY,18297,0.9308608058608059,0.0,0.0,0.0,0.0,0.0,0.0,0.0
SRE,18303,0.9311660561660562,0.0,0.0,0.0,0.0,0.0,0.0,0.0
UNP,18305,0.9312678062678063,0.0,0.0,0.0,0.0,0.0,0.0,0.0
EOG,18324,0.9322344322344323,0.0,0.0,0.0,0.0,0.0,0.0,0.0
GEN,18346,0.9333536833536834,0.0,0.0,0.0,0.0,0.0,0.0,0.0
WDAY,18350,0.9335571835571835,0.0,0.0,0.0,0.0,0.0,0.0,0.0
FAST,18355,0.9338115588115589,0.0,0.0,0.0,0.0,0.0,0.0,0.0
DHR,18357,0.9339133089133089,0.0,0.0,0.0,0.0,0.0,0.0,0.0
LOW,18358,0.933964183964184,0.0,0.0,0.0,0.0,0.0,0.0,0.0
ADI,18371,0.9346255596255596,0.0,0.0,0.0,0.0,0.0,0.0,0.0
HD,18394,0.9357956857956858,0.0,0.0,0.0,0.0,0.0,0.0,0.0
BEN,18406,0.9364061864061864,0.0,0.0,0.0,0.0,0.0,0.0,0.0
BBY,18410,0.9366096866096866,0.0,0.0,0.0,0.0,0.0,0.0,0.0
